CustomerID,Name,Gender,Age,City,Country,JoinDate,Email,OrderID,ProductID,OrderDate,Quantity,PaymentMethod,OrderStatus,SaleID,Revenue,Discount,Profit,Tax,ShippingCost,ProductName,Category,Brand,CostPrice,SellingPrice,Stock,ReturnID,ReturnOrderID,ReturnDate,Reason,RefundAmount,ReturnStatus
1,Customer 1,Male,19,Quetta,Pakistan,2024-05-05,customer1@mail.com,24,423,2025-11-06,1,Bank,Completed,24,284,28.4,76.82,12.78,20,Product 423,Sports,Alpha,146,284,412,5.0,24.0,2025-11-06,Late Delivery,213.61,Pending
1,Customer 1,Male,19,Quetta,Pakistan,2024-05-05,customer1@mail.com,245,61,2025-08-27,1,Cash,Completed,245,181,18.1,109.75,8.15,9,Product 61,Books,Nova,36,181,303,226.0,905.0,2025-02-13,Late Delivery,645.75,Approved
1,Customer 1,Male,19,Quetta,Pakistan,2024-05-05,customer1@mail.com,280,361,2025-07-03,5,Cash,Completed,280,2710,135.5,252.78,128.72,3,Product 361,Home,Nova,438,542,100,58.0,280.0,2025-07-03,Changed Mind,2191.19,Pending
1,Customer 1,Male,19,Quetta,Pakistan,2024-05-05,customer1@mail.com,682,50,2025-12-23,1,Wallet,Completed,682,255,25.5,29.02,11.48,16,Product 50,Books,Max,173,255,15,94.0,427.0,2025-06-26,Wrong Item,602.83,Pending
1,Customer 1,Male,19,Quetta,Pakistan,2024-05-05,customer1@mail.com,770,27,2025-04-19,3,Bank,Completed,770,750,37.5,341.88,35.62,11,Product 27,Home,Max,108,250,366,,,,,,
1,Customer 1,Male,19,Quetta,Pakistan,2024-05-05,customer1@mail.com,929,26,2025-03-12,3,Bank,Completed,929,1209,60.45,379.12,57.43,19,Product 26,Home,Eco,231,403,119,104.0,463.0,2025-11-13,Wrong Item,1420.36,Approved
2,Customer 2,Male,26,Lahore,Pakistan,2024-12-12,customer2@mail.com,233,319,2025-01-07,3,Wallet,Completed,233,1551,77.55,-109.22,73.67,18,Product 319,Clothing,Prime,497,517,57,,,,,,
3,Customer 3,Male,55,Faisalabad,Pakistan,2024-01-17,customer3@mail.com,102,412,2025-03-16,1,Wallet,Completed,102,308,30.8,-40.66,13.86,16,Product 412,Sports,Max,288,308,224,23.0,102.0,2025-03-16,Late Delivery,175.06,Approved
3,Customer 3,Male,55,Faisalabad,Pakistan,2024-01-17,customer3@mail.com,234,312,2025-05-02,4,Card,Completed,234,744,74.4,190.12,33.48,18,Product 312,Books,Prime,107,186,388,189.0,792.0,2025-02-05,Changed Mind,355.1,Approved
3,Customer 3,Male,55,Faisalabad,Pakistan,2024-01-17,customer3@mail.com,482,169,2025-12-02,1,Wallet,Completed,482,505,25.25,32.76,23.99,7,Product 169,Sports,Prime,416,505,230,111.0,482.0,2025-12-02,Late Delivery,251.55,Pending
3,Customer 3,Male,55,Faisalabad,Pakistan,2024-01-17,customer3@mail.com,570,462,2025-12-11,1,Card,Completed,570,527,26.35,115.62,25.03,20,Product 462,Home,Nova,340,527,86,,,,,,
3,Customer 3,Male,55,Faisalabad,Pakistan,2024-01-17,customer3@mail.com,671,7,2025-07-11,5,Wallet,Completed,671,1560,78.0,691.9,74.1,16,Product 7,Books,Max,140,312,126,229.0,919.0,2025-06-04,Damaged,710.05,Approved
4,Customer 4,Male,23,Peshawar,Pakistan,2024-04-29,customer4@mail.com,602,186,2025-02-07,1,Bank,Completed,602,440,0.0,53.0,22.0,20,Product 186,Clothing,Max,345,440,32,29.0,137.0,2025-09-24,Wrong Item,1069.14,Pending
4,Customer 4,Male,23,Peshawar,Pakistan,2024-04-29,customer4@mail.com,602,186,2025-02-07,1,Bank,Completed,602,440,0.0,53.0,22.0,20,Product 186,Clothing,Max,345,440,32,81.0,401.0,2025-08-15,Wrong Item,798.41,Approved
4,Customer 4,Male,23,Peshawar,Pakistan,2024-04-29,customer4@mail.com,602,186,2025-02-07,1,Bank,Completed,602,440,0.0,53.0,22.0,20,Product 186,Clothing,Max,345,440,32,138.0,602.0,2025-02-07,Wrong Item,283.93,Pending
5,Customer 5,Male,53,Peshawar,Pakistan,2024-11-28,customer5@mail.com,621,395,2025-05-25,3,Bank,Completed,621,1158,57.9,13.1,55.0,15,Product 395,Books,Eco,339,386,90,,,,,,
5,Customer 5,Male,53,Peshawar,Pakistan,2024-11-28,customer5@mail.com,755,52,2025-09-09,4,Card,Completed,755,1524,0.0,44.8,76.2,19,Product 52,Sports,Prime,346,381,91,,,,,,
5,Customer 5,Male,53,Peshawar,Pakistan,2024-11-28,customer5@mail.com,795,491,2025-10-05,1,Bank,Completed,795,547,54.7,8.68,24.62,5,Product 491,Home,Nova,454,547,62,191.0,795.0,2025-10-05,Changed Mind,364.41,Approved
6,Customer 6,Female,32,Rawalpindi,Pakistan,2024-10-28,customer6@mail.com,283,37,2025-03-15,1,Wallet,Completed,283,506,50.6,-39.37,22.77,16,Product 37,Electronics,Eco,456,506,413,,,,,,
6,Customer 6,Female,32,Rawalpindi,Pakistan,2024-10-28,customer6@mail.com,305,345,2025-02-04,1,Cash,Completed,305,615,30.75,124.04,29.21,6,Product 345,Sports,Eco,425,615,25,,,,,,
6,Customer 6,Female,32,Rawalpindi,Pakistan,2024-10-28,customer6@mail.com,631,88,2025-07-30,3,Wallet,Completed,631,1482,0.0,42.9,74.1,6,Product 88,Books,Nova,453,494,221,48.0,231.0,2025-10-17,Changed Mind,1268.63,Pending
6,Customer 6,Female,32,Rawalpindi,Pakistan,2024-10-28,customer6@mail.com,631,88,2025-07-30,3,Wallet,Completed,631,1482,0.0,42.9,74.1,6,Product 88,Books,Nova,453,494,221,147.0,629.0,2025-12-12,Changed Mind,296.15,Pending
6,Customer 6,Female,32,Rawalpindi,Pakistan,2024-10-28,customer6@mail.com,631,88,2025-07-30,3,Wallet,Completed,631,1482,0.0,42.9,74.1,6,Product 88,Books,Nova,453,494,221,148.0,631.0,2025-07-30,Damaged,1051.04,Pending
6,Customer 6,Female,32,Rawalpindi,Pakistan,2024-10-28,customer6@mail.com,951,298,2025-01-18,3,Wallet,Completed,951,882,0.0,4.9,44.1,14,Product 298,Home,Max,273,294,331,211.0,856.0,2025-12-08,Changed Mind,203.14,Approved
7,Customer 7,Female,18,Islamabad,Pakistan,2024-12-23,customer7@mail.com,351,355,2025-04-22,4,Card,Completed,351,1092,54.6,297.53,51.87,12,Product 355,Home,Nova,169,273,23,75.0,351.0,2025-04-22,Damaged,1036.86,Pending
8,Customer 8,Female,39,Quetta,Pakistan,2024-03-20,customer8@mail.com,202,176,2025-06-06,1,Wallet,Completed,202,349,17.45,18.97,16.58,3,Product 176,Books,Max,293,349,102,,,,,,
8,Customer 8,Female,39,Quetta,Pakistan,2024-03-20,customer8@mail.com,464,368,2025-08-11,5,Wallet,Completed,464,1875,187.5,-9.88,84.38,18,Product 368,Clothing,Prime,319,375,377,105.0,464.0,2025-08-11,Wrong Item,1445.82,Pending
9,Customer 9,Male,39,Lahore,Pakistan,2024-02-17,customer9@mail.com,58,200,2025-10-01,1,Cash,Completed,58,175,17.5,58.62,7.88,5,Product 200,Books,Eco,86,175,500,102.0,446.0,2025-08-05,Changed Mind,344.74,Pending
9,Customer 9,Male,39,Lahore,Pakistan,2024-02-17,customer9@mail.com,393,433,2025-03-25,3,Cash,Completed,393,963,0.0,157.85,48.15,13,Product 433,Home,Alpha,248,321,182,,,,,,
9,Customer 9,Male,39,Lahore,Pakistan,2024-02-17,customer9@mail.com,494,59,2025-04-02,4,Card,Completed,494,1732,86.6,-72.87,82.27,4,Product 59,Books,Eco,408,433,280,113.0,494.0,2025-04-02,Late Delivery,1544.01,Pending
9,Customer 9,Male,39,Lahore,Pakistan,2024-02-17,customer9@mail.com,494,59,2025-04-02,4,Card,Completed,494,1732,86.6,-72.87,82.27,4,Product 59,Books,Eco,408,433,280,220.0,881.0,2025-06-15,Late Delivery,526.17,Pending
10,Customer 10,Female,24,Multan,Pakistan,2024-06-25,customer10@mail.com,314,460,2025-03-18,4,Cash,Completed,314,920,0.0,263.0,46.0,15,Product 460,Electronics,Eco,149,230,42,167.0,700.0,2025-12-07,Wrong Item,175.1,Approved
10,Customer 10,Female,24,Multan,Pakistan,2024-06-25,customer10@mail.com,513,184,2025-07-02,3,Card,Completed,513,1518,0.0,196.1,75.9,19,Product 184,Books,Max,409,506,336,119.0,513.0,2025-07-02,Changed Mind,807.32,Approved
10,Customer 10,Female,24,Multan,Pakistan,2024-06-25,customer10@mail.com,560,138,2025-10-28,5,Cash,Completed,560,3240,0.0,728.0,162.0,20,Product 138,Books,Eco,466,648,148,183.0,769.0,2025-05-24,Wrong Item,1657.84,Approved
10,Customer 10,Female,24,Multan,Pakistan,2024-06-25,customer10@mail.com,989,442,2025-07-16,4,Wallet,Completed,989,636,0.0,182.2,31.8,10,Product 442,Electronics,Nova,103,159,26,74.0,347.0,2025-10-30,Wrong Item,215.72,Approved
10,Customer 10,Female,24,Multan,Pakistan,2024-06-25,customer10@mail.com,989,442,2025-07-16,4,Wallet,Completed,989,636,0.0,182.2,31.8,10,Product 442,Electronics,Nova,103,159,26,244.0,989.0,2025-07-16,Changed Mind,376.65,Approved
11,Customer 11,Female,20,Rawalpindi,Pakistan,2024-10-01,customer11@mail.com,2,25,2025-08-02,1,Wallet,Completed,2,339,16.95,147.95,16.1,6,Product 25,Electronics,Prime,152,339,483,,,,,,
11,Customer 11,Female,20,Rawalpindi,Pakistan,2024-10-01,customer11@mail.com,365,150,2025-02-02,2,Cash,Completed,365,666,0.0,239.7,33.3,19,Product 150,Sports,Eco,187,333,105,,,,,,
11,Customer 11,Female,20,Rawalpindi,Pakistan,2024-10-01,customer11@mail.com,450,331,2025-01-18,5,Cash,Completed,450,2380,238.0,-180.1,107.1,10,Product 331,Electronics,Nova,441,476,423,,,,,,
12,Customer 12,Male,42,Lahore,Pakistan,2024-10-09,customer12@mail.com,720,301,2025-10-21,5,Wallet,Completed,720,775,38.75,268.44,36.81,6,Product 301,Electronics,Max,85,155,355,,,,,,
13,Customer 13,Female,58,Multan,Pakistan,2024-10-22,customer13@mail.com,38,196,2025-01-28,2,Cash,Completed,38,1114,0.0,299.3,55.7,11,Product 196,Sports,Prime,374,557,44,129.0,554.0,2025-02-16,Late Delivery,955.84,Approved
14,Customer 14,Male,22,Karachi,Pakistan,2024-12-04,customer14@mail.com,139,395,2025-09-26,4,Cash,Completed,139,1544,0.0,99.8,77.2,11,Product 395,Books,Eco,339,386,90,,,,,,
14,Customer 14,Male,22,Karachi,Pakistan,2024-12-04,customer14@mail.com,217,391,2025-11-12,5,Bank,Completed,217,845,84.5,22.48,38.02,10,Product 391,Electronics,Prime,138,169,97,214.0,864.0,2025-10-11,Damaged,247.0,Approved
14,Customer 14,Male,22,Karachi,Pakistan,2024-12-04,customer14@mail.com,480,146,2025-07-21,1,Bank,Completed,480,479,47.9,17.54,21.56,6,Product 146,Electronics,Alpha,386,479,233,24.0,108.0,2025-10-26,Changed Mind,2233.22,Pending
14,Customer 14,Male,22,Karachi,Pakistan,2024-12-04,customer14@mail.com,480,146,2025-07-21,1,Bank,Completed,480,479,47.9,17.54,21.56,6,Product 146,Electronics,Alpha,386,479,233,161.0,670.0,2025-10-15,Wrong Item,1407.55,Approved
14,Customer 14,Male,22,Karachi,Pakistan,2024-12-04,customer14@mail.com,641,38,2025-07-15,4,Bank,Completed,641,1240,124.0,13.2,55.8,15,Product 38,Home,Alpha,258,310,14,,,,,,
14,Customer 14,Male,22,Karachi,Pakistan,2024-12-04,customer14@mail.com,860,79,2025-09-23,3,Bank,Completed,860,477,23.85,170.49,22.66,8,Product 79,Clothing,Alpha,84,159,26,42.0,213.0,2025-06-09,Wrong Item,499.21,Approved
15,Customer 15,Male,36,Lahore,Pakistan,2024-04-29,customer15@mail.com,543,406,2025-03-14,2,Wallet,Completed,543,774,0.0,157.3,38.7,12,Product 406,Clothing,Prime,283,387,463,223.0,895.0,2025-05-19,Wrong Item,1021.16,Pending
15,Customer 15,Male,36,Lahore,Pakistan,2024-04-29,customer15@mail.com,865,317,2025-02-10,5,Wallet,Completed,865,2830,0.0,716.5,141.5,7,Product 317,Sports,Prime,393,566,63,222.0,892.0,2025-01-15,Changed Mind,564.17,Approved
16,Customer 16,Male,42,Quetta,Pakistan,2024-08-20,customer16@mail.com,881,59,2025-06-15,2,Wallet,Completed,881,866,0.0,-7.3,43.3,14,Product 59,Books,Eco,408,433,280,113.0,494.0,2025-04-02,Late Delivery,1544.01,Pending
16,Customer 16,Male,42,Quetta,Pakistan,2024-08-20,customer16@mail.com,881,59,2025-06-15,2,Wallet,Completed,881,866,0.0,-7.3,43.3,14,Product 59,Books,Eco,408,433,280,220.0,881.0,2025-06-15,Late Delivery,526.17,Pending
17,Customer 17,Female,28,Multan,Pakistan,2024-06-30,customer17@mail.com,627,473,2025-03-20,2,Bank,Completed,627,222,22.2,74.81,9.99,15,Product 473,Home,Nova,50,111,391,,,,,,
17,Customer 17,Female,28,Multan,Pakistan,2024-06-30,customer17@mail.com,823,124,2025-02-13,3,Cash,Completed,823,1275,127.5,316.12,57.38,18,Product 124,Sports,Alpha,252,425,13,166.0,698.0,2025-04-19,Damaged,762.46,Approved
17,Customer 17,Female,28,Multan,Pakistan,2024-06-30,customer17@mail.com,823,124,2025-02-13,3,Cash,Completed,823,1275,127.5,316.12,57.38,18,Product 124,Sports,Alpha,252,425,13,200.0,823.0,2025-02-13,Late Delivery,754.24,Approved
17,Customer 17,Female,28,Multan,Pakistan,2024-06-30,customer17@mail.com,840,308,2025-02-01,4,Bank,Completed,840,1756,87.8,518.79,83.41,18,Product 308,Electronics,Nova,262,439,124,207.0,840.0,2025-02-01,Damaged,1010.51,Pending
18,Customer 18,Male,60,Quetta,Pakistan,2024-12-25,customer18@mail.com,105,402,2025-09-19,5,Card,Completed,105,680,68.0,38.4,30.6,8,Product 402,Electronics,Nova,107,136,97,,,,,,
18,Customer 18,Male,60,Quetta,Pakistan,2024-12-25,customer18@mail.com,287,20,2025-09-05,5,Bank,Completed,287,1005,0.0,336.75,50.25,18,Product 20,Home,Nova,120,201,363,,,,,,
18,Customer 18,Male,60,Quetta,Pakistan,2024-12-25,customer18@mail.com,372,341,2025-06-26,3,Card,Completed,372,483,24.15,7.91,22.94,17,Product 341,Electronics,Alpha,137,161,111,153.0,651.0,2025-03-27,Wrong Item,202.99,Approved
18,Customer 18,Male,60,Quetta,Pakistan,2024-12-25,customer18@mail.com,988,139,2025-10-29,3,Wallet,Completed,988,156,7.8,51.79,7.41,5,Product 139,Home,Max,28,52,298,52.0,264.0,2025-12-27,Late Delivery,61.37,Pending
18,Customer 18,Male,60,Quetta,Pakistan,2024-12-25,customer18@mail.com,988,139,2025-10-29,3,Wallet,Completed,988,156,7.8,51.79,7.41,5,Product 139,Home,Max,28,52,298,199.0,821.0,2025-02-23,Damaged,31.67,Approved
18,Customer 18,Male,60,Quetta,Pakistan,2024-12-25,customer18@mail.com,988,139,2025-10-29,3,Wallet,Completed,988,156,7.8,51.79,7.41,5,Product 139,Home,Max,28,52,298,243.0,988.0,2025-10-29,Changed Mind,137.42,Pending
19,Customer 19,Male,56,Islamabad,Pakistan,2024-09-30,customer19@mail.com,237,75,2025-12-08,1,Bank,Completed,237,346,17.3,101.27,16.43,5,Product 75,Clothing,Nova,206,346,437,49.0,237.0,2025-12-08,Wrong Item,232.88,Approved
19,Customer 19,Male,56,Islamabad,Pakistan,2024-09-30,customer19@mail.com,525,339,2025-10-22,2,Cash,Completed,525,982,98.2,-39.39,44.19,19,Product 339,Clothing,Nova,430,491,431,,,,,,
20,Customer 20,Male,28,Rawalpindi,Pakistan,2024-07-13,customer20@mail.com,256,399,2025-02-17,2,Wallet,Completed,256,270,27.0,167.85,12.15,3,Product 399,Books,Max,30,135,440,,,,,,
20,Customer 20,Male,28,Rawalpindi,Pakistan,2024-07-13,customer20@mail.com,673,472,2025-07-17,1,Card,Completed,673,566,0.0,103.7,28.3,16,Product 472,Clothing,Prime,418,566,345,,,,,,
21,Customer 21,Female,58,Peshawar,Pakistan,2024-12-16,customer21@mail.com,7,281,2025-04-17,4,Wallet,Completed,7,2336,116.8,362.24,110.96,10,Product 281,Sports,Prime,434,584,289,1.0,7.0,2025-04-17,Damaged,1854.84,Pending
21,Customer 21,Female,58,Peshawar,Pakistan,2024-12-16,customer21@mail.com,77,113,2025-04-29,4,Cash,Completed,77,552,27.6,152.18,26.22,14,Product 113,Home,Nova,83,138,204,18.0,77.0,2025-04-29,Late Delivery,437.5,Pending
21,Customer 21,Female,58,Peshawar,Pakistan,2024-12-16,customer21@mail.com,332,69,2025-11-20,1,Wallet,Completed,332,141,0.0,102.95,7.05,3,Product 69,Home,Alpha,28,141,287,,,,,,
21,Customer 21,Female,58,Peshawar,Pakistan,2024-12-16,customer21@mail.com,724,66,2025-04-16,5,Card,Completed,724,1690,0.0,500.5,84.5,20,Product 66,Books,Alpha,217,338,296,,,,,,
22,Customer 22,Female,21,Peshawar,Pakistan,2024-01-17,customer22@mail.com,158,382,2025-09-24,5,Cash,Completed,158,545,27.25,253.86,25.89,18,Product 382,Home,Prime,44,109,95,219.0,876.0,2025-08-12,Late Delivery,367.78,Pending
22,Customer 22,Female,21,Peshawar,Pakistan,2024-01-17,customer22@mail.com,388,422,2025-10-27,3,Bank,Completed,388,1185,59.25,182.46,56.29,20,Product 422,Books,Prime,289,395,448,124.0,540.0,2025-03-15,Damaged,639.62,Approved
23,Customer 23,Female,43,Quetta,Pakistan,2024-02-03,customer23@mail.com,349,21,2025-09-16,4,Cash,Completed,349,1980,99.0,307.95,94.05,19,Product 21,Home,Eco,365,495,188,,,,,,
23,Customer 23,Female,43,Quetta,Pakistan,2024-02-03,customer23@mail.com,603,500,2025-04-12,1,Card,Completed,603,352,17.6,-28.32,16.72,8,Product 500,Sports,Prime,338,352,404,10.0,42.0,2025-10-10,Changed Mind,986.75,Approved
23,Customer 23,Female,43,Quetta,Pakistan,2024-02-03,customer23@mail.com,603,500,2025-04-12,1,Card,Completed,603,352,17.6,-28.32,16.72,8,Product 500,Sports,Prime,338,352,404,139.0,603.0,2025-04-12,Wrong Item,211.01,Pending
23,Customer 23,Female,43,Quetta,Pakistan,2024-02-03,customer23@mail.com,728,122,2025-04-07,1,Card,Completed,728,89,4.45,-10.68,4.23,9,Product 122,Clothing,Max,82,89,243,245.0,994.0,2025-01-08,Late Delivery,100.12,Pending
25,Customer 25,Female,43,Rawalpindi,Pakistan,2024-03-14,customer25@mail.com,30,284,2025-10-27,4,Wallet,Completed,30,180,18.0,45.9,8.1,8,Product 284,Sports,Max,25,45,156,,,,,,
25,Customer 25,Female,43,Rawalpindi,Pakistan,2024-03-14,customer25@mail.com,534,388,2025-08-18,1,Bank,Completed,534,227,22.7,-5.92,10.22,3,Product 388,Sports,Max,197,227,343,,,,,,
25,Customer 25,Female,43,Rawalpindi,Pakistan,2024-03-14,customer25@mail.com,649,396,2025-04-14,4,Card,Completed,649,248,12.4,85.82,11.78,10,Product 396,Home,Nova,32,62,107,152.0,649.0,2025-04-14,Damaged,119.69,Approved
25,Customer 25,Female,43,Rawalpindi,Pakistan,2024-03-14,customer25@mail.com,891,202,2025-12-23,3,Wallet,Completed,891,1515,75.75,365.29,71.96,6,Product 202,Sports,Eco,332,505,24,,,,,,
26,Customer 26,Female,26,Peshawar,Pakistan,2024-10-14,customer26@mail.com,265,67,2025-08-30,1,Cash,Completed,265,418,0.0,141.1,20.9,15,Product 67,Home,Alpha,241,418,212,53.0,265.0,2025-08-30,Wrong Item,298.13,Pending
26,Customer 26,Female,26,Peshawar,Pakistan,2024-10-14,customer26@mail.com,265,67,2025-08-30,1,Cash,Completed,265,418,0.0,141.1,20.9,15,Product 67,Home,Alpha,241,418,212,201.0,825.0,2025-06-19,Wrong Item,339.99,Approved
28,Customer 28,Female,41,Peshawar,Pakistan,2024-03-11,customer28@mail.com,226,354,2025-03-14,5,Wallet,Completed,226,2670,267.0,240.85,120.15,17,Product 354,Home,Max,405,534,267,47.0,226.0,2025-03-14,Wrong Item,1803.04,Approved
28,Customer 28,Female,41,Peshawar,Pakistan,2024-03-11,customer28@mail.com,226,354,2025-03-14,5,Wallet,Completed,226,2670,267.0,240.85,120.15,17,Product 354,Home,Max,405,534,267,96.0,431.0,2025-06-22,Changed Mind,624.55,Approved
28,Customer 28,Female,41,Peshawar,Pakistan,2024-03-11,customer28@mail.com,226,354,2025-03-14,5,Wallet,Completed,226,2670,267.0,240.85,120.15,17,Product 354,Home,Max,405,534,267,115.0,499.0,2025-06-04,Damaged,1187.52,Approved
28,Customer 28,Female,41,Peshawar,Pakistan,2024-03-11,customer28@mail.com,550,491,2025-09-25,5,Card,Completed,550,2735,136.75,179.34,129.91,19,Product 491,Home,Nova,454,547,62,191.0,795.0,2025-10-05,Changed Mind,364.41,Approved
30,Customer 30,Male,58,Islamabad,Pakistan,2024-12-14,customer30@mail.com,690,500,2025-06-19,3,Cash,Completed,690,1056,0.0,-27.8,52.8,17,Product 500,Sports,Prime,338,352,404,10.0,42.0,2025-10-10,Changed Mind,986.75,Approved
30,Customer 30,Male,58,Islamabad,Pakistan,2024-12-14,customer30@mail.com,690,500,2025-06-19,3,Cash,Completed,690,1056,0.0,-27.8,52.8,17,Product 500,Sports,Prime,338,352,404,139.0,603.0,2025-04-12,Wrong Item,211.01,Pending
30,Customer 30,Male,58,Islamabad,Pakistan,2024-12-14,customer30@mail.com,787,321,2025-07-02,1,Card,Completed,787,563,56.3,7.36,25.34,11,Product 321,Sports,Alpha,463,563,307,187.0,787.0,2025-07-02,Damaged,499.51,Pending
31,Customer 31,Female,56,Lahore,Pakistan,2024-07-16,customer31@mail.com,14,483,2025-02-23,2,Wallet,Completed,14,756,75.6,-27.62,34.02,18,Product 483,Home,Alpha,328,378,12,169.0,706.0,2025-04-23,Damaged,654.92,Pending
31,Customer 31,Female,56,Lahore,Pakistan,2024-07-16,customer31@mail.com,345,144,2025-02-26,2,Wallet,Completed,345,1086,54.3,86.11,51.59,16,Product 144,Books,Prime,439,543,206,73.0,345.0,2025-02-26,Late Delivery,693.08,Approved
32,Customer 32,Female,56,Rawalpindi,Pakistan,2024-09-27,customer32@mail.com,292,323,2025-10-24,4,Card,Completed,292,1832,183.2,330.36,82.44,4,Product 323,Electronics,Eco,308,458,349,,,,,,
32,Customer 32,Female,56,Rawalpindi,Pakistan,2024-09-27,customer32@mail.com,588,471,2025-01-29,4,Bank,Completed,588,716,71.6,380.18,32.22,16,Product 471,Clothing,Prime,54,179,381,136.0,588.0,2025-01-29,Damaged,540.51,Pending
33,Customer 33,Female,53,Karachi,Pakistan,2024-12-14,customer33@mail.com,17,134,2025-01-07,3,Card,Completed,17,900,90.0,159.5,40.5,13,Product 134,Books,Eco,199,300,38,,,,,,
33,Customer 33,Female,53,Karachi,Pakistan,2024-12-14,customer33@mail.com,170,338,2025-07-18,5,Card,Completed,170,2280,228.0,-148.6,102.6,18,Product 338,Electronics,Alpha,416,456,41,41.0,206.0,2025-02-25,Damaged,897.18,Pending
33,Customer 33,Female,53,Karachi,Pakistan,2024-12-14,customer33@mail.com,170,338,2025-07-18,5,Card,Completed,170,2280,228.0,-148.6,102.6,18,Product 338,Electronics,Alpha,416,456,41,128.0,551.0,2025-04-03,Changed Mind,1847.18,Approved
33,Customer 33,Female,53,Karachi,Pakistan,2024-12-14,customer33@mail.com,170,338,2025-07-18,5,Card,Completed,170,2280,228.0,-148.6,102.6,18,Product 338,Electronics,Alpha,416,456,41,212.0,859.0,2025-06-07,Damaged,1175.22,Approved
33,Customer 33,Female,53,Karachi,Pakistan,2024-12-14,customer33@mail.com,584,321,2025-01-15,1,Wallet,Completed,584,563,28.15,42.11,26.74,3,Product 321,Sports,Alpha,463,563,307,187.0,787.0,2025-07-02,Damaged,499.51,Pending
33,Customer 33,Female,53,Karachi,Pakistan,2024-12-14,customer33@mail.com,686,176,2025-10-27,1,Card,Completed,686,349,17.45,3.97,16.58,18,Product 176,Books,Max,293,349,102,,,,,,
34,Customer 34,Male,52,Quetta,Pakistan,2024-11-24,customer34@mail.com,664,446,2025-02-05,4,Card,Completed,664,1648,0.0,538.6,82.4,7,Product 446,Sports,Nova,255,412,455,,,,,,
35,Customer 35,Female,25,Quetta,Pakistan,2024-08-10,customer35@mail.com,391,307,2025-10-25,3,Wallet,Completed,391,1353,135.3,-140.19,60.89,16,Product 307,Books,Prime,427,451,71,,,,,,
35,Customer 35,Female,25,Quetta,Pakistan,2024-08-10,customer35@mail.com,654,454,2025-07-30,2,Bank,Completed,654,142,14.2,85.41,6.39,18,Product 454,Home,Max,9,71,422,192.0,798.0,2025-03-14,Late Delivery,196.72,Pending
35,Customer 35,Female,25,Quetta,Pakistan,2024-08-10,customer35@mail.com,778,248,2025-09-26,4,Cash,Completed,778,1536,0.0,336.2,76.8,11,Product 248,Clothing,Eco,278,384,432,,,,,,
37,Customer 37,Male,50,Lahore,Pakistan,2024-11-16,customer37@mail.com,135,41,2025-06-25,2,Card,Completed,135,592,29.6,7.28,28.12,13,Product 41,Books,Eco,257,296,149,,,,,,
37,Customer 37,Male,50,Lahore,Pakistan,2024-11-16,customer37@mail.com,732,323,2025-11-21,3,Card,Completed,732,1374,137.4,236.77,61.83,14,Product 323,Electronics,Eco,308,458,349,,,,,,
37,Customer 37,Male,50,Lahore,Pakistan,2024-11-16,customer37@mail.com,973,487,2025-11-03,4,Cash,Completed,973,2504,250.4,126.92,112.68,18,Product 487,Sports,Alpha,499,626,29,151.0,644.0,2025-03-13,Damaged,1210.89,Approved
38,Customer 38,Female,58,Peshawar,Pakistan,2024-03-19,customer38@mail.com,814,245,2025-03-22,5,Cash,Completed,814,1710,0.0,340.5,85.5,14,Product 245,Books,Alpha,254,342,454,196.0,814.0,2025-03-22,Damaged,1064.51,Pending
38,Customer 38,Female,58,Peshawar,Pakistan,2024-03-19,customer38@mail.com,960,227,2025-11-07,3,Cash,Completed,960,1635,0.0,337.25,81.75,13,Product 227,Home,Max,401,545,431,237.0,960.0,2025-11-07,Wrong Item,1184.97,Approved
39,Customer 39,Female,28,Karachi,Pakistan,2024-11-02,customer39@mail.com,899,498,2025-01-31,4,Card,Completed,899,1660,0.0,60.0,83.0,9,Product 498,Clothing,Alpha,377,415,311,,,,,,
39,Customer 39,Female,28,Karachi,Pakistan,2024-11-02,customer39@mail.com,969,274,2025-05-04,5,Bank,Completed,969,2350,117.5,556.88,111.62,4,Product 274,Books,Prime,312,470,408,,,,,,
40,Customer 40,Female,49,Karachi,Pakistan,2024-02-27,customer40@mail.com,396,264,2025-11-18,2,Card,Completed,396,484,0.0,351.8,24.2,8,Product 264,Electronics,Alpha,50,242,170,,,,,,
40,Customer 40,Female,49,Karachi,Pakistan,2024-02-27,customer40@mail.com,403,10,2025-08-09,4,Cash,Completed,403,2416,0.0,589.2,120.8,6,Product 10,Clothing,Alpha,425,604,303,83.0,403.0,2025-08-09,Damaged,2005.02,Pending
40,Customer 40,Female,49,Karachi,Pakistan,2024-02-27,customer40@mail.com,640,387,2025-09-16,1,Bank,Completed,640,347,17.35,80.17,16.48,17,Product 387,Sports,Prime,216,347,289,150.0,640.0,2025-09-16,Damaged,199.01,Pending
40,Customer 40,Female,49,Karachi,Pakistan,2024-02-27,customer40@mail.com,980,30,2025-08-13,2,Card,Completed,980,1216,60.8,157.44,57.76,4,Product 30,Clothing,Nova,468,608,36,,,,,,
41,Customer 41,Female,37,Peshawar,Pakistan,2024-01-30,customer41@mail.com,288,73,2025-05-24,5,Wallet,Completed,288,1125,112.5,726.88,50.62,5,Product 73,Books,Nova,46,225,344,228.0,914.0,2025-12-08,Damaged,211.01,Approved
41,Customer 41,Female,37,Peshawar,Pakistan,2024-01-30,customer41@mail.com,999,142,2025-10-10,5,Bank,Completed,999,3060,0.0,765.0,153.0,17,Product 142,Sports,Alpha,425,612,163,246.0,999.0,2025-10-10,Late Delivery,2701.94,Pending
42,Customer 42,Male,54,Lahore,Pakistan,2024-02-13,customer42@mail.com,333,4,2025-04-02,1,Cash,Completed,333,374,37.4,14.77,16.83,12,Product 4,Sports,Alpha,293,374,198,,,,,,
43,Customer 43,Female,22,Islamabad,Pakistan,2024-03-06,customer43@mail.com,731,484,2025-12-13,3,Wallet,Completed,731,933,93.3,82.71,41.99,7,Product 484,Clothing,Nova,236,311,305,,,,,,
44,Customer 44,Female,53,Islamabad,Pakistan,2024-05-15,customer44@mail.com,140,336,2025-06-08,4,Card,Completed,140,2400,0.0,300.0,120.0,12,Product 336,Sports,Max,492,600,393,144.0,622.0,2025-08-30,Changed Mind,498.5,Approved
44,Customer 44,Female,53,Islamabad,Pakistan,2024-05-15,customer44@mail.com,230,269,2025-09-19,4,Card,Completed,230,1724,86.2,-16.09,81.89,20,Product 269,Sports,Max,388,431,361,,,,,,
44,Customer 44,Female,53,Islamabad,Pakistan,2024-05-15,customer44@mail.com,521,137,2025-08-01,3,Bank,Completed,521,579,57.9,326.04,26.06,10,Product 137,Electronics,Nova,53,193,118,121.0,521.0,2025-08-01,Changed Mind,456.88,Approved
44,Customer 44,Female,53,Islamabad,Pakistan,2024-05-15,customer44@mail.com,524,174,2025-07-25,3,Card,Completed,524,651,32.55,196.53,30.92,4,Product 174,Sports,Prime,129,217,428,,,,,,
44,Customer 44,Female,53,Islamabad,Pakistan,2024-05-15,customer44@mail.com,587,499,2025-01-18,1,Wallet,Completed,587,311,15.55,12.68,14.77,5,Product 499,Electronics,Prime,263,311,374,43.0,216.0,2025-07-30,Wrong Item,701.95,Approved
44,Customer 44,Female,53,Islamabad,Pakistan,2024-05-15,customer44@mail.com,745,381,2025-10-11,3,Wallet,Completed,745,1848,0.0,287.6,92.4,16,Product 381,Clothing,Prime,484,616,391,30.0,138.0,2025-04-18,Changed Mind,566.71,Approved
44,Customer 44,Female,53,Islamabad,Pakistan,2024-05-15,customer44@mail.com,745,381,2025-10-11,3,Wallet,Completed,745,1848,0.0,287.6,92.4,16,Product 381,Clothing,Prime,484,616,391,184.0,773.0,2025-09-28,Damaged,2131.44,Approved
44,Customer 44,Female,53,Islamabad,Pakistan,2024-05-15,customer44@mail.com,745,381,2025-10-11,3,Wallet,Completed,745,1848,0.0,287.6,92.4,16,Product 381,Clothing,Prime,484,616,391,185.0,774.0,2025-03-03,Damaged,2003.84,Approved
48,Customer 48,Male,39,Karachi,Pakistan,2024-10-28,customer48@mail.com,91,247,2025-11-05,2,Cash,Completed,91,1056,105.6,196.88,47.52,16,Product 247,Home,Alpha,345,528,417,,,,,,
48,Customer 48,Male,39,Karachi,Pakistan,2024-10-28,customer48@mail.com,239,394,2025-06-15,3,Bank,Completed,239,1770,88.5,206.42,84.08,5,Product 394,Electronics,Eco,462,590,492,233.0,933.0,2025-05-09,Late Delivery,731.45,Pending
48,Customer 48,Male,39,Karachi,Pakistan,2024-10-28,customer48@mail.com,267,417,2025-02-19,4,Wallet,Completed,267,1056,52.8,672.04,50.16,17,Product 417,Sports,Nova,66,264,495,56.0,276.0,2025-07-14,Damaged,1139.28,Approved
48,Customer 48,Male,39,Karachi,Pakistan,2024-10-28,customer48@mail.com,538,32,2025-03-08,4,Wallet,Completed,538,1572,0.0,64.4,78.6,17,Product 32,Electronics,Max,353,393,485,123.0,538.0,2025-03-08,Changed Mind,1317.98,Pending
48,Customer 48,Male,39,Karachi,Pakistan,2024-10-28,customer48@mail.com,629,88,2025-12-12,1,Card,Completed,629,494,0.0,-1.7,24.7,18,Product 88,Books,Nova,453,494,221,48.0,231.0,2025-10-17,Changed Mind,1268.63,Pending
48,Customer 48,Male,39,Karachi,Pakistan,2024-10-28,customer48@mail.com,629,88,2025-12-12,1,Card,Completed,629,494,0.0,-1.7,24.7,18,Product 88,Books,Nova,453,494,221,147.0,629.0,2025-12-12,Changed Mind,296.15,Pending
48,Customer 48,Male,39,Karachi,Pakistan,2024-10-28,customer48@mail.com,629,88,2025-12-12,1,Card,Completed,629,494,0.0,-1.7,24.7,18,Product 88,Books,Nova,453,494,221,148.0,631.0,2025-07-30,Damaged,1051.04,Pending
48,Customer 48,Male,39,Karachi,Pakistan,2024-10-28,customer48@mail.com,819,268,2025-03-06,4,Card,Completed,819,824,41.2,383.66,39.14,4,Product 268,Home,Nova,89,206,331,198.0,819.0,2025-03-06,Damaged,463.3,Pending
49,Customer 49,Male,55,Peshawar,Pakistan,2024-01-04,customer49@mail.com,638,202,2025-05-03,1,Card,Completed,638,505,25.25,103.76,23.99,20,Product 202,Sports,Eco,332,505,24,,,,,,
49,Customer 49,Male,55,Peshawar,Pakistan,2024-01-04,customer49@mail.com,830,233,2025-03-28,3,Bank,Completed,830,1110,0.0,497.5,55.5,5,Product 233,Books,Eco,184,370,94,,,,,,
49,Customer 49,Male,55,Peshawar,Pakistan,2024-01-04,customer49@mail.com,912,95,2025-12-25,5,Wallet,Completed,912,1305,130.5,-106.23,58.73,12,Product 95,Books,Eco,242,261,223,,,,,,
50,Customer 50,Male,58,Karachi,Pakistan,2024-04-27,customer50@mail.com,177,52,2025-09-30,2,Wallet,Completed,177,762,0.0,22.9,38.1,9,Product 52,Sports,Prime,346,381,91,,,,,,
50,Customer 50,Male,58,Karachi,Pakistan,2024-04-27,customer50@mail.com,275,421,2025-04-01,4,Bank,Completed,275,2648,132.4,500.82,125.78,5,Product 421,Electronics,Alpha,471,662,208,,,,,,
50,Customer 50,Male,58,Karachi,Pakistan,2024-04-27,customer50@mail.com,772,343,2025-12-16,1,Card,Completed,772,557,27.85,20.69,26.46,14,Product 343,Electronics,Alpha,468,557,492,,,,,,
51,Customer 51,Male,20,Multan,Pakistan,2024-02-06,customer51@mail.com,173,17,2025-11-25,5,Wallet,Completed,173,1845,184.5,174.47,83.03,18,Product 17,Books,Prime,277,369,356,,,,,,
51,Customer 51,Male,20,Multan,Pakistan,2024-02-06,customer51@mail.com,519,79,2025-06-21,3,Card,Completed,519,477,0.0,192.15,23.85,9,Product 79,Clothing,Alpha,84,159,26,42.0,213.0,2025-06-09,Wrong Item,499.21,Approved
51,Customer 51,Male,20,Multan,Pakistan,2024-02-06,customer51@mail.com,556,164,2025-07-31,2,Bank,Completed,556,168,8.4,62.62,7.98,15,Product 164,Sports,Prime,37,84,225,,,,,,
52,Customer 52,Male,35,Rawalpindi,Pakistan,2024-04-19,customer52@mail.com,431,354,2025-06-22,2,Wallet,Completed,431,1068,106.8,90.14,48.06,13,Product 354,Home,Max,405,534,267,47.0,226.0,2025-03-14,Wrong Item,1803.04,Approved
52,Customer 52,Male,35,Rawalpindi,Pakistan,2024-04-19,customer52@mail.com,431,354,2025-06-22,2,Wallet,Completed,431,1068,106.8,90.14,48.06,13,Product 354,Home,Max,405,534,267,96.0,431.0,2025-06-22,Changed Mind,624.55,Approved
52,Customer 52,Male,35,Rawalpindi,Pakistan,2024-04-19,customer52@mail.com,431,354,2025-06-22,2,Wallet,Completed,431,1068,106.8,90.14,48.06,13,Product 354,Home,Max,405,534,267,115.0,499.0,2025-06-04,Damaged,1187.52,Approved
52,Customer 52,Male,35,Rawalpindi,Pakistan,2024-04-19,customer52@mail.com,512,407,2025-09-10,4,Bank,Completed,512,1196,0.0,327.2,59.8,9,Product 407,Clothing,Eco,200,299,32,,,,,,
52,Customer 52,Male,35,Rawalpindi,Pakistan,2024-04-19,customer52@mail.com,687,5,2025-05-17,1,Cash,Completed,687,351,35.1,122.11,15.79,4,Product 5,Electronics,Eco,174,351,308,164.0,687.0,2025-05-17,Damaged,240.45,Pending
52,Customer 52,Male,35,Rawalpindi,Pakistan,2024-04-19,customer52@mail.com,771,221,2025-05-10,2,Wallet,Completed,771,734,36.7,133.43,34.87,13,Product 221,Sports,Eco,258,367,373,162.0,683.0,2025-04-01,Damaged,433.79,Pending
52,Customer 52,Male,35,Rawalpindi,Pakistan,2024-04-19,customer52@mail.com,870,252,2025-07-31,1,Cash,Completed,870,220,11.0,138.55,10.45,5,Product 252,Sports,Alpha,55,220,73,216.0,870.0,2025-07-31,Late Delivery,148.38,Pending
53,Customer 53,Male,54,Rawalpindi,Pakistan,2024-05-04,customer53@mail.com,40,316,2025-04-25,5,Wallet,Completed,40,1745,0.0,728.75,87.25,19,Product 316,Electronics,Prime,182,349,10,,,,,,
53,Customer 53,Male,54,Rawalpindi,Pakistan,2024-05-04,customer53@mail.com,655,365,2025-10-19,5,Card,Completed,655,1060,53.0,135.65,50.35,6,Product 365,Sports,Alpha,163,212,56,,,,,,
53,Customer 53,Male,54,Rawalpindi,Pakistan,2024-05-04,customer53@mail.com,877,299,2025-06-09,5,Card,Completed,877,880,0.0,598.0,44.0,18,Product 299,Sports,Max,44,176,194,,,,,,
54,Customer 54,Female,44,Peshawar,Pakistan,2024-02-18,customer54@mail.com,516,362,2025-08-13,1,Wallet,Completed,516,282,0.0,135.9,14.1,6,Product 362,Home,Prime,126,282,477,,,,,,
55,Customer 55,Male,60,Faisalabad,Pakistan,2024-06-30,customer55@mail.com,96,80,2025-11-30,4,Bank,Completed,96,2372,118.6,444.73,112.67,20,Product 80,Sports,Max,419,593,402,,,,,,
55,Customer 55,Male,60,Faisalabad,Pakistan,2024-06-30,customer55@mail.com,497,223,2025-01-10,5,Cash,Completed,497,1530,76.5,-95.17,72.67,6,Product 223,Clothing,Prime,294,306,26,114.0,497.0,2025-01-10,Changed Mind,1203.35,Pending
55,Customer 55,Male,60,Faisalabad,Pakistan,2024-06-30,customer55@mail.com,497,223,2025-01-10,5,Cash,Completed,497,1530,76.5,-95.17,72.67,6,Product 223,Clothing,Prime,294,306,26,175.0,734.0,2025-01-14,Changed Mind,679.31,Approved
55,Customer 55,Male,60,Faisalabad,Pakistan,2024-06-30,customer55@mail.com,902,469,2025-04-23,2,Bank,Completed,902,1064,53.2,131.26,50.54,17,Product 469,Home,Max,406,532,163,14.0,62.0,2025-01-06,Damaged,1274.13,Pending
56,Customer 56,Female,44,Rawalpindi,Pakistan,2024-01-28,customer56@mail.com,242,293,2025-02-14,5,Wallet,Completed,242,985,98.5,775.17,44.33,12,Product 293,Clothing,Alpha,11,197,93,38.0,186.0,2025-02-18,Wrong Item,236.74,Approved
57,Customer 57,Male,21,Faisalabad,Pakistan,2024-06-22,customer57@mail.com,533,375,2025-07-10,1,Bank,Completed,533,515,51.5,54.32,23.18,19,Product 375,Books,Prime,367,515,124,,,,,,
57,Customer 57,Male,21,Faisalabad,Pakistan,2024-06-22,customer57@mail.com,769,138,2025-05-24,3,Bank,Completed,769,1944,194.4,248.12,87.48,16,Product 138,Books,Eco,466,648,148,183.0,769.0,2025-05-24,Wrong Item,1657.84,Approved
58,Customer 58,Male,33,Peshawar,Pakistan,2024-04-07,customer58@mail.com,448,163,2025-08-05,5,Wallet,Completed,448,1120,112.0,237.6,50.4,10,Product 163,Home,Eco,142,224,84,,,,,,
58,Customer 58,Male,33,Peshawar,Pakistan,2024-04-07,customer58@mail.com,751,174,2025-10-04,2,Cash,Completed,751,434,21.7,121.68,20.62,12,Product 174,Sports,Prime,129,217,428,,,,,,
58,Customer 58,Male,33,Peshawar,Pakistan,2024-04-07,customer58@mail.com,805,296,2025-05-23,4,Card,Completed,805,1060,0.0,718.0,53.0,13,Product 296,Home,Alpha,69,265,404,,,,,,
59,Customer 59,Female,26,Faisalabad,Pakistan,2024-04-03,customer59@mail.com,64,93,2025-01-28,5,Wallet,Completed,64,1295,129.5,297.22,58.28,20,Product 93,Clothing,Max,158,259,252,16.0,64.0,2025-01-28,Late Delivery,974.17,Approved
60,Customer 60,Female,47,Peshawar,Pakistan,2024-02-08,customer60@mail.com,299,27,2025-08-26,2,Wallet,Completed,299,500,25.0,223.25,23.75,12,Product 27,Home,Max,108,250,366,,,,,,
60,Customer 60,Female,47,Peshawar,Pakistan,2024-02-08,customer60@mail.com,507,254,2025-11-27,5,Bank,Completed,507,3045,152.25,257.11,144.64,16,Product 254,Clothing,Nova,495,609,461,118.0,507.0,2025-11-27,Wrong Item,1862.95,Pending
60,Customer 60,Female,47,Peshawar,Pakistan,2024-02-08,customer60@mail.com,507,254,2025-11-27,5,Bank,Completed,507,3045,152.25,257.11,144.64,16,Product 254,Clothing,Nova,495,609,461,247.0,1000.0,2025-04-27,Wrong Item,1007.65,Pending
60,Customer 60,Female,47,Peshawar,Pakistan,2024-02-08,customer60@mail.com,703,294,2025-03-07,3,Bank,Completed,703,1056,52.8,173.04,50.16,3,Product 294,Books,Max,259,352,410,25.0,116.0,2025-04-04,Late Delivery,623.02,Approved
60,Customer 60,Female,47,Peshawar,Pakistan,2024-02-08,customer60@mail.com,703,294,2025-03-07,3,Bank,Completed,703,1056,52.8,173.04,50.16,3,Product 294,Books,Max,259,352,410,61.0,291.0,2025-08-04,Late Delivery,850.24,Pending
61,Customer 61,Female,53,Lahore,Pakistan,2024-01-26,customer61@mail.com,404,466,2025-01-23,3,Cash,Completed,404,747,37.35,260.17,35.48,3,Product 466,Sports,Eco,137,249,387,,,,,,
62,Customer 62,Male,23,Peshawar,Pakistan,2024-03-26,customer62@mail.com,122,358,2025-08-24,5,Bank,Completed,122,1710,171.0,519.05,76.95,3,Product 358,Clothing,Nova,188,342,61,27.0,122.0,2025-08-24,Damaged,931.67,Pending
62,Customer 62,Male,23,Peshawar,Pakistan,2024-03-26,customer62@mail.com,551,338,2025-04-03,5,Cash,Completed,551,2280,114.0,-31.3,108.3,9,Product 338,Electronics,Alpha,416,456,41,41.0,206.0,2025-02-25,Damaged,897.18,Pending
62,Customer 62,Male,23,Peshawar,Pakistan,2024-03-26,customer62@mail.com,551,338,2025-04-03,5,Cash,Completed,551,2280,114.0,-31.3,108.3,9,Product 338,Electronics,Alpha,416,456,41,128.0,551.0,2025-04-03,Changed Mind,1847.18,Approved
62,Customer 62,Male,23,Peshawar,Pakistan,2024-03-26,customer62@mail.com,551,338,2025-04-03,5,Cash,Completed,551,2280,114.0,-31.3,108.3,9,Product 338,Electronics,Alpha,416,456,41,212.0,859.0,2025-06-07,Damaged,1175.22,Approved
63,Customer 63,Female,49,Rawalpindi,Pakistan,2024-04-19,customer63@mail.com,566,426,2025-10-12,2,Bank,Completed,566,900,45.0,213.25,42.75,9,Product 426,Books,Alpha,295,450,483,,,,,,
63,Customer 63,Female,49,Rawalpindi,Pakistan,2024-04-19,customer63@mail.com,869,55,2025-05-25,2,Bank,Completed,869,358,0.0,99.1,17.9,5,Product 55,Clothing,Eco,118,179,88,7.0,27.0,2025-03-26,Wrong Item,144.17,Approved
63,Customer 63,Female,49,Rawalpindi,Pakistan,2024-04-19,customer63@mail.com,869,55,2025-05-25,2,Bank,Completed,869,358,0.0,99.1,17.9,5,Product 55,Clothing,Eco,118,179,88,215.0,869.0,2025-05-25,Wrong Item,330.19,Pending
63,Customer 63,Female,49,Rawalpindi,Pakistan,2024-04-19,customer63@mail.com,982,337,2025-02-09,1,Bank,Completed,982,354,35.4,7.67,15.93,9,Product 337,Electronics,Eco,286,354,62,,,,,,
64,Customer 64,Female,21,Islamabad,Pakistan,2024-07-13,customer64@mail.com,549,330,2025-02-13,5,Card,Completed,549,1155,115.5,412.52,51.98,20,Product 330,Home,Eco,111,231,145,65.0,313.0,2025-08-15,Late Delivery,181.49,Pending
64,Customer 64,Female,21,Islamabad,Pakistan,2024-07-13,customer64@mail.com,549,330,2025-02-13,5,Card,Completed,549,1155,115.5,412.52,51.98,20,Product 330,Home,Eco,111,231,145,177.0,753.0,2025-01-19,Changed Mind,522.81,Pending
64,Customer 64,Female,21,Islamabad,Pakistan,2024-07-13,customer64@mail.com,928,28,2025-06-06,4,Cash,Completed,928,736,36.8,74.24,34.96,14,Product 28,Electronics,Max,144,184,389,72.0,343.0,2025-03-16,Changed Mind,454.9,Approved
65,Customer 65,Male,42,Quetta,Pakistan,2024-08-20,customer65@mail.com,141,68,2025-03-29,5,Cash,Completed,141,700,0.0,-24.0,35.0,14,Product 68,Clothing,Max,135,140,47,221.0,889.0,2025-01-19,Changed Mind,291.3,Pending
65,Customer 65,Male,42,Quetta,Pakistan,2024-08-20,customer65@mail.com,561,156,2025-07-28,5,Wallet,Completed,561,870,0.0,92.5,43.5,19,Product 156,Clothing,Alpha,143,174,105,131.0,561.0,2025-07-28,Late Delivery,856.04,Approved
65,Customer 65,Male,42,Quetta,Pakistan,2024-08-20,customer65@mail.com,665,47,2025-10-31,2,Card,Completed,665,312,0.0,179.4,15.6,19,Product 47,Electronics,Nova,49,156,81,112.0,488.0,2025-07-08,Changed Mind,448.55,Approved
65,Customer 65,Male,42,Quetta,Pakistan,2024-08-20,customer65@mail.com,665,47,2025-10-31,2,Card,Completed,665,312,0.0,179.4,15.6,19,Product 47,Electronics,Nova,49,156,81,159.0,665.0,2025-10-31,Late Delivery,269.1,Approved
67,Customer 67,Male,36,Peshawar,Pakistan,2024-01-30,customer67@mail.com,45,83,2025-05-11,5,Cash,Completed,45,2670,133.5,647.67,126.83,17,Product 83,Electronics,Nova,349,534,389,85.0,406.0,2025-11-10,Damaged,1896.13,Approved
67,Customer 67,Male,36,Peshawar,Pakistan,2024-01-30,customer67@mail.com,45,83,2025-05-11,5,Cash,Completed,45,2670,133.5,647.67,126.83,17,Product 83,Electronics,Nova,349,534,389,99.0,440.0,2025-12-18,Wrong Item,906.99,Pending
67,Customer 67,Male,36,Peshawar,Pakistan,2024-01-30,customer67@mail.com,45,83,2025-05-11,5,Cash,Completed,45,2670,133.5,647.67,126.83,17,Product 83,Electronics,Nova,349,534,389,217.0,871.0,2025-06-02,Late Delivery,717.06,Pending
67,Customer 67,Male,36,Peshawar,Pakistan,2024-01-30,customer67@mail.com,608,407,2025-04-09,2,Wallet,Completed,608,598,59.8,97.29,26.91,14,Product 407,Clothing,Eco,200,299,32,,,,,,
67,Customer 67,Male,36,Peshawar,Pakistan,2024-01-30,customer67@mail.com,779,149,2025-10-17,1,Cash,Completed,779,403,40.3,6.56,18.14,9,Product 149,Sports,Eco,329,403,126,,,,,,
68,Customer 68,Male,38,Karachi,Pakistan,2024-01-26,customer68@mail.com,294,316,2025-05-21,3,Bank,Completed,294,1047,0.0,442.65,52.35,6,Product 316,Electronics,Prime,182,349,10,,,,,,
69,Customer 69,Female,50,Islamabad,Pakistan,2024-01-30,customer69@mail.com,128,458,2025-10-01,5,Bank,Completed,128,1675,83.75,-20.31,79.56,12,Product 458,Electronics,Max,304,335,349,,,,,,
69,Customer 69,Female,50,Islamabad,Pakistan,2024-01-30,customer69@mail.com,165,129,2025-09-06,1,Wallet,Completed,165,266,26.6,112.43,11.97,12,Product 129,Books,Prime,103,266,427,,,,,,
70,Customer 70,Male,29,Lahore,Pakistan,2024-10-31,customer70@mail.com,284,44,2025-11-25,2,Wallet,Completed,284,946,47.3,73.76,44.94,16,Product 44,Home,Max,382,473,355,95.0,428.0,2025-06-06,Changed Mind,297.95,Pending
71,Customer 71,Male,33,Faisalabad,Pakistan,2024-03-02,customer71@mail.com,522,411,2025-07-31,4,Wallet,Completed,522,1296,64.8,426.64,61.56,19,Product 411,Sports,Max,181,324,126,3.0,10.0,2025-08-07,Wrong Item,553.26,Pending
72,Customer 72,Male,55,Karachi,Pakistan,2024-11-13,customer72@mail.com,76,229,2025-04-02,2,Card,Completed,76,506,50.6,-29.37,22.77,18,Product 229,Clothing,Prime,222,253,457,17.0,70.0,2025-06-06,Late Delivery,548.74,Approved
72,Customer 72,Male,55,Karachi,Pakistan,2024-11-13,customer72@mail.com,76,229,2025-04-02,2,Card,Completed,76,506,50.6,-29.37,22.77,18,Product 229,Clothing,Prime,222,253,457,63.0,306.0,2025-04-23,Damaged,583.83,Approved
72,Customer 72,Male,55,Karachi,Pakistan,2024-11-13,customer72@mail.com,82,226,2025-04-28,2,Cash,Completed,82,598,59.8,-31.71,26.91,11,Product 226,Books,Alpha,266,299,147,20.0,82.0,2025-04-28,Late Delivery,319.4,Approved
72,Customer 72,Male,55,Karachi,Pakistan,2024-11-13,customer72@mail.com,377,348,2025-03-01,5,Bank,Completed,377,2500,0.0,75.0,125.0,15,Product 348,Electronics,Max,457,500,327,67.0,329.0,2025-06-16,Wrong Item,1652.78,Approved
72,Customer 72,Male,55,Karachi,Pakistan,2024-11-13,customer72@mail.com,377,348,2025-03-01,5,Bank,Completed,377,2500,0.0,75.0,125.0,15,Product 348,Electronics,Max,457,500,327,90.0,419.0,2025-04-02,Damaged,364.94,Approved
72,Customer 72,Male,55,Karachi,Pakistan,2024-11-13,customer72@mail.com,377,348,2025-03-01,5,Bank,Completed,377,2500,0.0,75.0,125.0,15,Product 348,Electronics,Max,457,500,327,170.0,716.0,2025-01-29,Late Delivery,499.92,Pending
73,Customer 73,Male,44,Multan,Pakistan,2024-05-13,customer73@mail.com,204,356,2025-07-12,1,Cash,Completed,204,325,16.25,117.31,15.44,8,Product 356,Clothing,Alpha,168,325,468,40.0,204.0,2025-07-12,Late Delivery,185.36,Approved
73,Customer 73,Male,44,Multan,Pakistan,2024-05-13,customer73@mail.com,204,356,2025-07-12,1,Cash,Completed,204,325,16.25,117.31,15.44,8,Product 356,Clothing,Alpha,168,325,468,82.0,402.0,2025-12-19,Changed Mind,611.67,Approved
75,Customer 75,Female,43,Islamabad,Pakistan,2024-12-09,customer75@mail.com,301,272,2025-01-07,4,Bank,Completed,301,2448,122.4,202.32,116.28,15,Product 272,Home,Nova,498,612,136,,,,,,
75,Customer 75,Female,43,Islamabad,Pakistan,2024-12-09,customer75@mail.com,882,400,2025-03-04,3,Cash,Completed,882,900,45.0,41.25,42.75,3,Product 400,Electronics,Prime,256,300,11,,,,,,
76,Customer 76,Female,47,Multan,Pakistan,2024-02-07,customer76@mail.com,677,131,2025-11-05,2,Card,Completed,677,1208,0.0,149.6,60.4,6,Product 131,Sports,Max,496,604,134,,,,,,
76,Customer 76,Female,47,Multan,Pakistan,2024-02-07,customer76@mail.com,804,164,2025-07-19,2,Wallet,Completed,804,168,16.8,51.64,7.56,18,Product 164,Sports,Prime,37,84,225,,,,,,
77,Customer 77,Male,47,Lahore,Pakistan,2024-02-07,customer77@mail.com,8,487,2025-09-19,1,Cash,Completed,8,626,62.6,30.23,28.17,6,Product 487,Sports,Alpha,499,626,29,151.0,644.0,2025-03-13,Damaged,1210.89,Approved
77,Customer 77,Male,47,Lahore,Pakistan,2024-02-07,customer77@mail.com,802,458,2025-11-16,3,Bank,Completed,802,1005,50.25,-10.99,47.74,6,Product 458,Electronics,Max,304,335,349,,,,,,
77,Customer 77,Male,47,Lahore,Pakistan,2024-02-07,customer77@mail.com,815,392,2025-08-29,2,Card,Completed,815,1120,112.0,20.6,50.4,19,Product 392,Clothing,Alpha,459,560,290,,,,,,
78,Customer 78,Male,50,Quetta,Pakistan,2024-03-08,customer78@mail.com,660,193,2025-11-25,2,Cash,Completed,660,486,0.0,10.7,24.3,17,Product 193,Electronics,Nova,217,243,188,,,,,,
79,Customer 79,Female,22,Peshawar,Pakistan,2024-07-08,customer79@mail.com,56,13,2025-06-19,4,Cash,Completed,56,1660,0.0,140.0,83.0,5,Product 13,Sports,Max,358,415,406,13.0,56.0,2025-06-19,Damaged,1489.2,Approved
79,Customer 79,Female,22,Peshawar,Pakistan,2024-07-08,customer79@mail.com,171,314,2025-06-15,3,Wallet,Completed,171,936,93.6,16.28,42.12,13,Product 314,Books,Nova,257,312,87,36.0,171.0,2025-06-15,Damaged,641.57,Approved
79,Customer 79,Female,22,Peshawar,Pakistan,2024-07-08,customer79@mail.com,481,15,2025-08-24,1,Wallet,Completed,481,259,12.95,111.75,12.3,11,Product 15,Home,Eco,111,259,279,,,,,,
79,Customer 79,Female,22,Peshawar,Pakistan,2024-07-08,customer79@mail.com,555,158,2025-12-14,4,Card,Completed,555,976,0.0,62.2,48.8,13,Product 158,Electronics,Alpha,213,244,191,51.0,254.0,2025-12-30,Late Delivery,652.65,Pending
79,Customer 79,Female,22,Peshawar,Pakistan,2024-07-08,customer79@mail.com,555,158,2025-12-14,4,Card,Completed,555,976,0.0,62.2,48.8,13,Product 158,Electronics,Alpha,213,244,191,130.0,555.0,2025-12-14,Late Delivery,836.09,Pending
79,Customer 79,Female,22,Peshawar,Pakistan,2024-07-08,customer79@mail.com,646,226,2025-04-02,3,Card,Completed,646,897,89.7,-35.07,40.37,4,Product 226,Books,Alpha,266,299,147,20.0,82.0,2025-04-28,Late Delivery,319.4,Approved
79,Customer 79,Female,22,Peshawar,Pakistan,2024-07-08,customer79@mail.com,756,211,2025-09-07,1,Cash,Completed,756,598,0.0,136.1,29.9,11,Product 211,Home,Max,421,598,312,178.0,756.0,2025-09-07,Late Delivery,417.21,Pending
80,Customer 80,Female,28,Rawalpindi,Pakistan,2024-10-05,customer80@mail.com,46,21,2025-06-15,2,Cash,Completed,46,990,99.0,104.45,44.55,12,Product 21,Home,Eco,365,495,188,,,,,,
80,Customer 80,Female,28,Rawalpindi,Pakistan,2024-10-05,customer80@mail.com,817,31,2025-11-06,1,Card,Completed,817,166,16.6,77.93,7.47,8,Product 31,Home,Eco,56,166,61,197.0,817.0,2025-11-06,Changed Mind,136.9,Pending
81,Customer 81,Female,57,Karachi,Pakistan,2024-12-07,customer81@mail.com,263,141,2025-01-08,1,Cash,Completed,263,555,0.0,10.25,27.75,20,Product 141,Books,Nova,497,555,395,,,,,,
81,Customer 81,Female,57,Karachi,Pakistan,2024-12-07,customer81@mail.com,518,373,2025-12-29,3,Wallet,Completed,518,777,77.7,115.34,34.96,18,Product 373,Home,Nova,177,259,90,,,,,,
82,Customer 82,Female,60,Lahore,Pakistan,2024-03-09,customer82@mail.com,836,292,2025-02-07,4,Card,Completed,836,1340,67.0,-71.65,63.65,17,Product 292,Home,Nova,316,335,71,,,,,,
83,Customer 83,Female,25,Lahore,Pakistan,2024-10-10,customer83@mail.com,39,147,2025-03-16,3,Cash,Completed,39,441,44.1,-3.94,19.84,12,Product 147,Home,Max,123,147,403,9.0,39.0,2025-03-16,Late Delivery,305.85,Pending
83,Customer 83,Female,25,Lahore,Pakistan,2024-10-10,customer83@mail.com,85,69,2025-01-21,5,Card,Completed,85,705,0.0,521.75,35.25,8,Product 69,Home,Alpha,28,141,287,,,,,,
84,Customer 84,Male,35,Quetta,Pakistan,2024-11-05,customer84@mail.com,373,274,2025-03-04,3,Cash,Completed,373,1410,70.5,318.52,66.98,18,Product 274,Books,Prime,312,470,408,,,,,,
84,Customer 84,Male,35,Quetta,Pakistan,2024-11-05,customer84@mail.com,599,54,2025-01-22,4,Wallet,Completed,599,932,0.0,622.4,46.6,3,Product 54,Home,Prime,65,233,324,122.0,537.0,2025-09-22,Changed Mind,568.31,Approved
85,Customer 85,Male,39,Peshawar,Pakistan,2024-12-17,customer85@mail.com,475,162,2025-03-19,4,Wallet,Completed,475,1276,0.0,119.2,63.8,9,Product 162,Sports,Nova,271,319,81,109.0,475.0,2025-03-19,Damaged,784.65,Pending
85,Customer 85,Male,39,Peshawar,Pakistan,2024-12-17,customer85@mail.com,475,162,2025-03-19,4,Wallet,Completed,475,1276,0.0,119.2,63.8,9,Product 162,Sports,Nova,271,319,81,155.0,653.0,2025-07-19,Late Delivery,275.03,Approved
85,Customer 85,Male,39,Peshawar,Pakistan,2024-12-17,customer85@mail.com,679,425,2025-05-10,4,Bank,Completed,679,1008,100.8,-34.16,45.36,20,Product 425,Sports,Nova,219,252,85,,,,,,
86,Customer 86,Female,50,Rawalpindi,Pakistan,2024-05-08,customer86@mail.com,668,242,2025-08-05,4,Wallet,Completed,668,916,0.0,544.2,45.8,18,Product 242,Home,Eco,77,229,202,160.0,668.0,2025-08-05,Damaged,632.69,Pending
87,Customer 87,Male,23,Faisalabad,Pakistan,2024-05-21,customer87@mail.com,331,357,2025-10-11,3,Card,Completed,331,1488,74.4,72.92,70.68,10,Product 357,Electronics,Eco,420,496,281,,,,,,
87,Customer 87,Male,23,Faisalabad,Pakistan,2024-05-21,customer87@mail.com,463,26,2025-11-13,4,Wallet,Completed,463,1612,161.2,443.26,72.54,11,Product 26,Home,Eco,231,403,119,104.0,463.0,2025-11-13,Wrong Item,1420.36,Approved
88,Customer 88,Male,18,Multan,Pakistan,2024-03-07,customer88@mail.com,893,46,2025-07-08,2,Cash,Completed,893,880,88.0,84.4,39.6,4,Product 46,Sports,Max,332,440,177,32.0,144.0,2025-06-07,Wrong Item,844.82,Pending
89,Customer 89,Female,28,Rawalpindi,Pakistan,2024-10-09,customer89@mail.com,31,375,2025-02-23,2,Wallet,Completed,31,1030,103.0,133.65,46.35,13,Product 375,Books,Prime,367,515,124,,,,,,
89,Customer 89,Female,28,Rawalpindi,Pakistan,2024-10-09,customer89@mail.com,863,207,2025-09-22,3,Card,Completed,863,681,34.05,289.6,32.35,10,Product 207,Electronics,Prime,105,227,353,213.0,863.0,2025-09-22,Damaged,582.63,Pending
89,Customer 89,Female,28,Rawalpindi,Pakistan,2024-10-09,customer89@mail.com,863,207,2025-09-22,3,Card,Completed,863,681,34.05,289.6,32.35,10,Product 207,Electronics,Prime,105,227,353,236.0,957.0,2025-01-24,Changed Mind,170.11,Pending
91,Customer 91,Male,27,Karachi,Pakistan,2024-07-08,customer91@mail.com,44,350,2025-04-06,1,Card,Completed,44,601,60.1,38.85,27.05,19,Product 350,Sports,Alpha,456,601,54,11.0,44.0,2025-04-06,Late Delivery,281.44,Pending
91,Customer 91,Male,27,Karachi,Pakistan,2024-07-08,customer91@mail.com,791,97,2025-09-09,5,Card,Completed,791,960,96.0,133.8,43.2,12,Product 97,Home,Alpha,135,192,482,188.0,791.0,2025-09-09,Wrong Item,502.38,Pending
92,Customer 92,Male,45,Islamabad,Pakistan,2024-01-22,customer92@mail.com,362,148,2025-02-25,1,Card,Completed,362,476,23.8,104.59,22.61,6,Product 148,Sports,Prime,319,476,25,,,,,,
92,Customer 92,Male,45,Islamabad,Pakistan,2024-01-22,customer92@mail.com,390,252,2025-01-15,2,Cash,Completed,390,440,22.0,269.1,20.9,18,Product 252,Sports,Alpha,55,220,73,216.0,870.0,2025-07-31,Late Delivery,148.38,Pending
92,Customer 92,Male,45,Islamabad,Pakistan,2024-01-22,customer92@mail.com,618,227,2025-05-16,2,Cash,Completed,618,1090,54.5,176.72,51.78,5,Product 227,Home,Max,401,545,431,237.0,960.0,2025-11-07,Wrong Item,1184.97,Approved
92,Customer 92,Male,45,Islamabad,Pakistan,2024-01-22,customer92@mail.com,637,461,2025-08-10,5,Wallet,Completed,637,1260,63.0,244.15,59.85,8,Product 461,Home,Prime,177,252,143,,,,,,
93,Customer 93,Female,41,Karachi,Pakistan,2024-07-02,customer93@mail.com,86,265,2025-11-03,4,Cash,Completed,86,1096,109.6,153.08,49.32,12,Product 265,Clothing,Eco,193,274,406,,,,,,
93,Customer 93,Female,41,Karachi,Pakistan,2024-07-02,customer93@mail.com,155,99,2025-07-15,3,Cash,Completed,155,1446,0.0,76.7,72.3,10,Product 99,Electronics,Prime,429,482,203,,,,,,
93,Customer 93,Female,41,Karachi,Pakistan,2024-07-02,customer93@mail.com,721,197,2025-11-27,4,Wallet,Completed,721,696,34.8,-10.86,33.06,7,Product 197,Electronics,Alpha,158,174,444,172.0,721.0,2025-11-27,Wrong Item,351.59,Pending
94,Customer 94,Male,33,Lahore,Pakistan,2024-06-30,customer94@mail.com,742,225,2025-08-28,3,Bank,Completed,742,1578,78.9,196.15,74.95,16,Product 225,Books,Eco,404,526,291,,,,,,
94,Customer 94,Male,33,Lahore,Pakistan,2024-06-30,customer94@mail.com,806,393,2025-06-30,4,Bank,Completed,806,2060,103.0,-104.85,97.85,16,Product 393,Home,Max,487,515,324,93.0,426.0,2025-06-14,Damaged,1055.55,Pending
95,Customer 95,Female,57,Islamabad,Pakistan,2024-05-01,customer95@mail.com,169,453,2025-11-14,1,Bank,Completed,169,242,24.2,124.91,10.89,10,Product 453,Clothing,Max,72,242,420,,,,,,
95,Customer 95,Female,57,Islamabad,Pakistan,2024-05-01,customer95@mail.com,219,437,2025-09-09,4,Wallet,Completed,219,1956,0.0,338.2,97.8,8,Product 437,Books,Alpha,378,489,106,4.0,20.0,2025-03-26,Damaged,1830.46,Approved
95,Customer 95,Female,57,Islamabad,Pakistan,2024-05-01,customer95@mail.com,219,437,2025-09-09,4,Wallet,Completed,219,1956,0.0,338.2,97.8,8,Product 437,Books,Alpha,378,489,106,8.0,28.0,2025-04-21,Damaged,1383.35,Pending
95,Customer 95,Female,57,Islamabad,Pakistan,2024-05-01,customer95@mail.com,219,437,2025-09-09,4,Wallet,Completed,219,1956,0.0,338.2,97.8,8,Product 437,Books,Alpha,378,489,106,45.0,219.0,2025-09-09,Damaged,1009.52,Pending
97,Customer 97,Male,39,Faisalabad,Pakistan,2024-12-08,customer97@mail.com,624,220,2025-04-18,4,Wallet,Completed,624,2100,105.0,187.25,99.75,20,Product 220,Books,Max,422,525,344,88.0,412.0,2025-02-05,Changed Mind,944.4,Approved
97,Customer 97,Male,39,Faisalabad,Pakistan,2024-12-08,customer97@mail.com,624,220,2025-04-18,4,Wallet,Completed,624,2100,105.0,187.25,99.75,20,Product 220,Books,Max,422,525,344,145.0,624.0,2025-04-18,Wrong Item,1136.1,Pending
99,Customer 99,Male,42,Karachi,Pakistan,2024-08-28,customer99@mail.com,262,147,2025-09-30,3,Bank,Completed,262,441,22.05,23.0,20.95,6,Product 147,Home,Max,123,147,403,9.0,39.0,2025-03-16,Late Delivery,305.85,Pending
99,Customer 99,Male,42,Karachi,Pakistan,2024-08-28,customer99@mail.com,574,228,2025-04-24,1,Cash,Completed,574,407,20.35,-38.68,19.33,14,Product 228,Sports,Max,392,407,121,132.0,574.0,2025-04-24,Late Delivery,351.13,Approved
99,Customer 99,Male,42,Karachi,Pakistan,2024-08-28,customer99@mail.com,574,228,2025-04-24,1,Cash,Completed,574,407,20.35,-38.68,19.33,14,Product 228,Sports,Max,392,407,121,137.0,593.0,2025-05-05,Late Delivery,644.9,Pending
99,Customer 99,Male,42,Karachi,Pakistan,2024-08-28,customer99@mail.com,685,133,2025-08-14,4,Cash,Completed,685,2460,246.0,319.3,110.7,8,Product 133,Electronics,Alpha,444,615,217,163.0,685.0,2025-08-14,Damaged,1201.88,Pending
99,Customer 99,Male,42,Karachi,Pakistan,2024-08-28,customer99@mail.com,873,311,2025-10-02,1,Cash,Completed,873,195,19.5,98.72,8.78,19,Product 311,Sports,Alpha,49,195,198,165.0,696.0,2025-12-31,Damaged,262.89,Pending
100,Customer 100,Male,30,Rawalpindi,Pakistan,2024-06-28,customer100@mail.com,338,58,2025-12-17,2,Wallet,Completed,338,810,40.5,33.02,38.48,8,Product 58,Clothing,Max,345,405,457,69.0,338.0,2025-12-17,Damaged,739.75,Pending
100,Customer 100,Male,30,Rawalpindi,Pakistan,2024-06-28,customer100@mail.com,821,139,2025-02-23,1,Cash,Completed,821,52,2.6,5.93,2.47,13,Product 139,Home,Max,28,52,298,52.0,264.0,2025-12-27,Late Delivery,61.37,Pending
100,Customer 100,Male,30,Rawalpindi,Pakistan,2024-06-28,customer100@mail.com,821,139,2025-02-23,1,Cash,Completed,821,52,2.6,5.93,2.47,13,Product 139,Home,Max,28,52,298,199.0,821.0,2025-02-23,Damaged,31.67,Approved
100,Customer 100,Male,30,Rawalpindi,Pakistan,2024-06-28,customer100@mail.com,821,139,2025-02-23,1,Cash,Completed,821,52,2.6,5.93,2.47,13,Product 139,Home,Max,28,52,298,243.0,988.0,2025-10-29,Changed Mind,137.42,Pending
100,Customer 100,Male,30,Rawalpindi,Pakistan,2024-06-28,customer100@mail.com,978,176,2025-01-30,4,Card,Completed,978,1396,0.0,149.2,69.8,5,Product 176,Books,Max,293,349,102,,,,,,
101,Customer 101,Female,32,Peshawar,Pakistan,2024-01-13,customer101@mail.com,715,377,2025-07-05,1,Cash,Completed,715,561,56.1,92.65,25.25,7,Product 377,Home,Nova,380,561,100,,,,,,
101,Customer 101,Female,32,Peshawar,Pakistan,2024-01-13,customer101@mail.com,857,439,2025-03-05,4,Bank,Completed,857,1476,73.8,240.09,70.11,16,Product 439,Electronics,Max,269,369,415,230.0,920.0,2025-12-04,Changed Mind,553.02,Pending
101,Customer 101,Female,32,Peshawar,Pakistan,2024-01-13,customer101@mail.com,961,130,2025-08-13,4,Bank,Completed,961,1036,0.0,231.2,51.8,9,Product 130,Sports,Alpha,186,259,201,,,,,,
102,Customer 102,Male,43,Multan,Pakistan,2024-05-22,customer102@mail.com,65,372,2025-09-07,5,Bank,Completed,65,3305,165.25,540.76,156.99,7,Product 372,Sports,Max,487,661,61,,,,,,
102,Customer 102,Male,43,Multan,Pakistan,2024-05-22,customer102@mail.com,159,185,2025-12-08,1,Card,Completed,159,499,0.0,-8.95,24.95,10,Product 185,Electronics,Nova,473,499,346,,,,,,
103,Customer 103,Male,35,Multan,Pakistan,2024-11-24,customer103@mail.com,838,206,2025-02-03,3,Bank,Completed,838,1668,83.4,245.37,79.23,18,Product 206,Clothing,Prime,414,556,176,98.0,436.0,2025-11-16,Wrong Item,764.56,Pending
103,Customer 103,Male,35,Multan,Pakistan,2024-11-24,customer103@mail.com,838,206,2025-02-03,3,Bank,Completed,838,1668,83.4,245.37,79.23,18,Product 206,Clothing,Prime,414,556,176,206.0,838.0,2025-02-03,Damaged,1379.62,Pending
104,Customer 104,Female,52,Multan,Pakistan,2024-01-15,customer104@mail.com,503,151,2025-07-20,5,Cash,Completed,503,2535,126.75,519.84,120.41,3,Product 151,Sports,Alpha,353,507,405,117.0,503.0,2025-07-20,Changed Mind,2224.78,Pending
104,Customer 104,Female,52,Multan,Pakistan,2024-01-15,customer104@mail.com,597,403,2025-06-24,1,Card,Completed,597,410,41.0,1.55,18.45,18,Product 403,Electronics,Eco,331,410,442,,,,,,
104,Customer 104,Female,52,Multan,Pakistan,2024-01-15,customer104@mail.com,776,274,2025-01-23,2,Card,Completed,776,940,0.0,253.0,47.0,16,Product 274,Books,Prime,312,470,408,,,,,,
105,Customer 105,Male,34,Islamabad,Pakistan,2024-10-24,customer105@mail.com,628,486,2025-02-02,4,Wallet,Completed,628,1740,0.0,359.0,87.0,18,Product 486,Sports,Eco,319,435,229,146.0,628.0,2025-02-02,Changed Mind,1365.48,Pending
105,Customer 105,Male,34,Islamabad,Pakistan,2024-10-24,customer105@mail.com,789,298,2025-03-21,4,Wallet,Completed,789,1176,0.0,9.2,58.8,16,Product 298,Home,Max,273,294,331,211.0,856.0,2025-12-08,Changed Mind,203.14,Approved
105,Customer 105,Male,34,Islamabad,Pakistan,2024-10-24,customer105@mail.com,986,467,2025-09-24,2,Card,Completed,986,354,17.7,253.48,16.82,20,Product 467,Books,Nova,23,177,185,80.0,399.0,2025-02-22,Damaged,210.35,Pending
105,Customer 105,Male,34,Islamabad,Pakistan,2024-10-24,customer105@mail.com,986,467,2025-09-24,2,Card,Completed,986,354,17.7,253.48,16.82,20,Product 467,Books,Nova,23,177,185,242.0,986.0,2025-09-24,Wrong Item,230.77,Approved
106,Customer 106,Female,20,Lahore,Pakistan,2024-11-01,customer106@mail.com,630,120,2025-12-04,3,Cash,Completed,630,1386,69.3,-67.14,65.84,4,Product 120,Electronics,Alpha,438,462,221,22.0,94.0,2025-05-26,Damaged,382.64,Approved
106,Customer 106,Female,20,Lahore,Pakistan,2024-11-01,customer106@mail.com,911,88,2025-06-27,2,Bank,Completed,911,988,98.8,-73.26,44.46,12,Product 88,Books,Nova,453,494,221,48.0,231.0,2025-10-17,Changed Mind,1268.63,Pending
106,Customer 106,Female,20,Lahore,Pakistan,2024-11-01,customer106@mail.com,911,88,2025-06-27,2,Bank,Completed,911,988,98.8,-73.26,44.46,12,Product 88,Books,Nova,453,494,221,147.0,629.0,2025-12-12,Changed Mind,296.15,Pending
106,Customer 106,Female,20,Lahore,Pakistan,2024-11-01,customer106@mail.com,911,88,2025-06-27,2,Bank,Completed,911,988,98.8,-73.26,44.46,12,Product 88,Books,Nova,453,494,221,148.0,631.0,2025-07-30,Damaged,1051.04,Pending
106,Customer 106,Female,20,Lahore,Pakistan,2024-11-01,customer106@mail.com,921,382,2025-04-10,1,Wallet,Completed,921,109,10.9,43.19,4.91,6,Product 382,Home,Prime,44,109,95,219.0,876.0,2025-08-12,Late Delivery,367.78,Pending
107,Customer 107,Female,40,Multan,Pakistan,2024-08-11,customer107@mail.com,157,243,2025-12-15,4,Bank,Completed,157,1040,52.0,-13.4,49.4,8,Product 243,Electronics,Eco,236,260,273,125.0,541.0,2025-03-22,Late Delivery,178.05,Approved
107,Customer 107,Female,40,Multan,Pakistan,2024-08-11,customer107@mail.com,157,243,2025-12-15,4,Bank,Completed,157,1040,52.0,-13.4,49.4,8,Product 243,Electronics,Eco,236,260,273,141.0,613.0,2025-10-25,Changed Mind,665.1,Approved
108,Customer 108,Male,42,Peshawar,Pakistan,2024-05-10,customer108@mail.com,63,384,2025-04-19,3,Wallet,Completed,63,594,59.4,68.87,26.73,19,Product 384,Clothing,Alpha,140,198,189,15.0,63.0,2025-04-19,Late Delivery,316.48,Approved
108,Customer 108,Male,42,Peshawar,Pakistan,2024-05-10,customer108@mail.com,606,157,2025-05-03,4,Bank,Completed,606,1376,68.8,333.84,65.36,8,Product 157,Books,Max,225,344,272,,,,,,
108,Customer 108,Male,42,Peshawar,Pakistan,2024-05-10,customer108@mail.com,785,274,2025-01-01,1,Bank,Completed,785,470,47.0,75.85,21.15,14,Product 274,Books,Prime,312,470,408,,,,,,
109,Customer 109,Male,45,Karachi,Pakistan,2024-09-23,customer109@mail.com,822,306,2025-06-08,1,Card,Completed,822,237,23.7,24.63,10.67,9,Product 306,Sports,Prime,169,237,148,107.0,469.0,2025-02-07,Changed Mind,617.84,Pending
110,Customer 110,Male,41,Faisalabad,Pakistan,2024-02-05,customer110@mail.com,185,439,2025-01-12,3,Bank,Completed,185,1107,110.7,120.49,49.81,19,Product 439,Electronics,Max,269,369,415,230.0,920.0,2025-12-04,Changed Mind,553.02,Pending
110,Customer 110,Male,41,Faisalabad,Pakistan,2024-02-05,customer110@mail.com,409,264,2025-07-28,2,Cash,Completed,409,484,24.2,330.81,22.99,6,Product 264,Electronics,Alpha,50,242,170,,,,,,
110,Customer 110,Male,41,Faisalabad,Pakistan,2024-02-05,customer110@mail.com,437,339,2025-05-18,4,Wallet,Completed,437,1964,196.4,-44.78,88.38,4,Product 339,Clothing,Nova,430,491,431,,,,,,
110,Customer 110,Male,41,Faisalabad,Pakistan,2024-02-05,customer110@mail.com,883,239,2025-06-14,5,Card,Completed,883,2585,258.5,170.17,116.33,5,Product 239,Electronics,Prime,407,517,453,205.0,837.0,2025-11-25,Changed Mind,1146.03,Pending
111,Customer 111,Female,57,Multan,Pakistan,2024-12-05,customer111@mail.com,87,230,2025-08-30,5,Wallet,Completed,87,705,0.0,554.75,35.25,10,Product 230,Home,Prime,21,141,451,,,,,,
111,Customer 111,Female,57,Multan,Pakistan,2024-12-05,customer111@mail.com,544,94,2025-01-02,4,Cash,Completed,544,760,76.0,123.8,34.2,14,Product 94,Home,Nova,128,190,422,126.0,544.0,2025-01-02,Changed Mind,357.28,Pending
111,Customer 111,Female,57,Multan,Pakistan,2024-12-05,customer111@mail.com,874,444,2025-02-28,3,Card,Completed,874,948,0.0,308.6,47.4,13,Product 444,Books,Eco,193,316,335,218.0,874.0,2025-02-28,Wrong Item,513.55,Pending
113,Customer 113,Female,38,Faisalabad,Pakistan,2024-12-22,customer113@mail.com,378,229,2025-02-17,3,Bank,Completed,378,759,0.0,46.05,37.95,9,Product 229,Clothing,Prime,222,253,457,17.0,70.0,2025-06-06,Late Delivery,548.74,Approved
113,Customer 113,Female,38,Faisalabad,Pakistan,2024-12-22,customer113@mail.com,378,229,2025-02-17,3,Bank,Completed,378,759,0.0,46.05,37.95,9,Product 229,Clothing,Prime,222,253,457,63.0,306.0,2025-04-23,Damaged,583.83,Approved
113,Customer 113,Female,38,Faisalabad,Pakistan,2024-12-22,customer113@mail.com,909,59,2025-01-19,1,Bank,Completed,909,433,0.0,-1.65,21.65,5,Product 59,Books,Eco,408,433,280,113.0,494.0,2025-04-02,Late Delivery,1544.01,Pending
113,Customer 113,Female,38,Faisalabad,Pakistan,2024-12-22,customer113@mail.com,909,59,2025-01-19,1,Bank,Completed,909,433,0.0,-1.65,21.65,5,Product 59,Books,Eco,408,433,280,220.0,881.0,2025-06-15,Late Delivery,526.17,Pending
114,Customer 114,Female,53,Islamabad,Pakistan,2024-04-08,customer114@mail.com,120,385,2025-03-07,5,Cash,Completed,120,840,84.0,22.2,37.8,16,Product 385,Electronics,Alpha,136,168,207,158.0,662.0,2025-04-28,Wrong Item,84.12,Approved
114,Customer 114,Female,53,Islamabad,Pakistan,2024-04-08,customer114@mail.com,379,401,2025-04-11,3,Cash,Completed,379,750,0.0,23.5,37.5,20,Product 401,Home,Max,223,250,255,120.0,517.0,2025-10-15,Wrong Item,125.78,Pending
115,Customer 115,Female,60,Faisalabad,Pakistan,2024-12-12,customer115@mail.com,74,457,2025-05-29,5,Card,Completed,74,1625,81.25,232.56,77.19,19,Product 457,Books,Max,243,325,213,,,,,,
115,Customer 115,Female,60,Faisalabad,Pakistan,2024-12-12,customer115@mail.com,389,14,2025-03-20,1,Bank,Completed,389,443,22.15,63.81,21.04,18,Product 14,Electronics,Nova,318,443,275,79.0,389.0,2025-03-20,Late Delivery,350.55,Pending
115,Customer 115,Female,60,Faisalabad,Pakistan,2024-12-12,customer115@mail.com,800,53,2025-07-02,3,Cash,Completed,800,1176,117.6,356.48,52.92,13,Product 53,Books,Prime,212,392,363,193.0,800.0,2025-07-02,Damaged,1017.82,Approved
116,Customer 116,Male,57,Quetta,Pakistan,2024-07-26,customer116@mail.com,583,354,2025-02-08,4,Card,Completed,583,2136,0.0,401.2,106.8,8,Product 354,Home,Max,405,534,267,47.0,226.0,2025-03-14,Wrong Item,1803.04,Approved
116,Customer 116,Male,57,Quetta,Pakistan,2024-07-26,customer116@mail.com,583,354,2025-02-08,4,Card,Completed,583,2136,0.0,401.2,106.8,8,Product 354,Home,Max,405,534,267,96.0,431.0,2025-06-22,Changed Mind,624.55,Approved
116,Customer 116,Male,57,Quetta,Pakistan,2024-07-26,customer116@mail.com,583,354,2025-02-08,4,Card,Completed,583,2136,0.0,401.2,106.8,8,Product 354,Home,Max,405,534,267,115.0,499.0,2025-06-04,Damaged,1187.52,Approved
116,Customer 116,Male,57,Quetta,Pakistan,2024-07-26,customer116@mail.com,736,141,2025-02-20,1,Wallet,Completed,736,555,0.0,15.25,27.75,15,Product 141,Books,Nova,497,555,395,,,,,,
116,Customer 116,Male,57,Quetta,Pakistan,2024-07-26,customer116@mail.com,799,472,2025-12-18,4,Cash,Completed,799,2264,113.2,363.26,107.54,8,Product 472,Clothing,Prime,418,566,345,,,,,,
117,Customer 117,Male,37,Quetta,Pakistan,2024-04-17,customer117@mail.com,368,248,2025-05-28,3,Cash,Completed,368,1152,0.0,246.4,57.6,14,Product 248,Clothing,Eco,278,384,432,,,,,,
117,Customer 117,Male,37,Quetta,Pakistan,2024-04-17,customer117@mail.com,979,212,2025-10-18,5,Cash,Completed,979,1125,0.0,818.75,56.25,10,Product 212,Clothing,Prime,48,225,70,46.0,220.0,2025-12-10,Changed Mind,439.81,Pending
117,Customer 117,Male,37,Quetta,Pakistan,2024-04-17,customer117@mail.com,979,212,2025-10-18,5,Cash,Completed,979,1125,0.0,818.75,56.25,10,Product 212,Clothing,Prime,48,225,70,50.0,246.0,2025-06-20,Late Delivery,121.62,Pending
118,Customer 118,Female,55,Multan,Pakistan,2024-08-26,customer118@mail.com,117,104,2025-11-13,2,Bank,Completed,117,522,0.0,359.9,26.1,6,Product 104,Sports,Nova,65,261,366,26.0,117.0,2025-11-13,Changed Mind,281.49,Approved
118,Customer 118,Female,55,Multan,Pakistan,2024-08-26,customer118@mail.com,117,104,2025-11-13,2,Bank,Completed,117,522,0.0,359.9,26.1,6,Product 104,Sports,Nova,65,261,366,224.0,903.0,2025-04-07,Damaged,648.21,Approved
119,Customer 119,Female,46,Peshawar,Pakistan,2024-09-18,customer119@mail.com,218,352,2025-07-03,1,Cash,Completed,218,473,47.3,52.41,21.29,18,Product 352,Clothing,Max,334,473,416,44.0,218.0,2025-07-03,Changed Mind,392.95,Pending
120,Customer 120,Female,28,Lahore,Pakistan,2024-05-25,customer120@mail.com,152,47,2025-01-08,2,Wallet,Completed,152,312,0.0,185.4,15.6,13,Product 47,Electronics,Nova,49,156,81,112.0,488.0,2025-07-08,Changed Mind,448.55,Approved
120,Customer 120,Female,28,Lahore,Pakistan,2024-05-25,customer120@mail.com,152,47,2025-01-08,2,Wallet,Completed,152,312,0.0,185.4,15.6,13,Product 47,Electronics,Nova,49,156,81,159.0,665.0,2025-10-31,Late Delivery,269.1,Approved
120,Customer 120,Female,28,Lahore,Pakistan,2024-05-25,customer120@mail.com,201,103,2025-03-21,3,Cash,Completed,201,1434,0.0,-51.7,71.7,4,Product 103,Clothing,Nova,470,478,389,39.0,201.0,2025-03-21,Wrong Item,1162.26,Pending
120,Customer 120,Female,28,Lahore,Pakistan,2024-05-25,customer120@mail.com,547,461,2025-06-23,4,Cash,Completed,547,1008,100.8,136.84,45.36,17,Product 461,Home,Prime,177,252,143,,,,,,
120,Customer 120,Female,28,Lahore,Pakistan,2024-05-25,customer120@mail.com,575,253,2025-01-19,3,Bank,Completed,575,1575,78.75,-27.56,74.81,9,Product 253,Sports,Eco,480,525,10,133.0,575.0,2025-01-19,Changed Mind,1484.48,Approved
121,Customer 121,Female,23,Peshawar,Pakistan,2024-12-10,customer121@mail.com,66,52,2025-11-14,3,Cash,Completed,66,1143,0.0,34.85,57.15,13,Product 52,Sports,Prime,346,381,91,,,,,,
121,Customer 121,Female,23,Peshawar,Pakistan,2024-12-10,customer121@mail.com,274,89,2025-12-31,1,Wallet,Completed,274,233,0.0,46.35,11.65,17,Product 89,Electronics,Max,158,233,495,,,,,,
121,Customer 121,Female,23,Peshawar,Pakistan,2024-12-10,customer121@mail.com,535,413,2025-10-17,5,Card,Completed,535,3205,160.25,385.51,152.24,12,Product 413,Sports,Max,499,641,461,,,,,,
121,Customer 121,Female,23,Peshawar,Pakistan,2024-12-10,customer121@mail.com,987,358,2025-11-29,4,Wallet,Completed,987,1368,0.0,544.6,68.4,3,Product 358,Clothing,Nova,188,342,61,27.0,122.0,2025-08-24,Damaged,931.67,Pending
122,Customer 122,Female,32,Peshawar,Pakistan,2024-03-16,customer122@mail.com,342,378,2025-04-13,4,Wallet,Completed,342,1532,0.0,-61.6,76.6,5,Product 378,Books,Eco,378,383,445,,,,,,
122,Customer 122,Female,32,Peshawar,Pakistan,2024-03-16,customer122@mail.com,763,27,2025-08-08,3,Cash,Completed,763,750,37.5,334.88,35.62,18,Product 27,Home,Max,108,250,366,,,,,,
122,Customer 122,Female,32,Peshawar,Pakistan,2024-03-16,customer122@mail.com,888,296,2025-05-26,1,Cash,Completed,888,265,26.5,154.57,11.93,3,Product 296,Home,Alpha,69,265,404,,,,,,
123,Customer 123,Male,20,Peshawar,Pakistan,2024-08-31,customer123@mail.com,148,265,2025-12-22,5,Bank,Completed,148,1370,68.5,251.42,65.08,20,Product 265,Clothing,Eco,193,274,406,,,,,,
123,Customer 123,Male,20,Peshawar,Pakistan,2024-08-31,customer123@mail.com,484,495,2025-02-15,4,Cash,Completed,484,1628,0.0,630.6,81.4,8,Product 495,Clothing,Prime,227,407,471,,,,,,
127,Customer 127,Female,32,Islamabad,Pakistan,2024-12-22,customer127@mail.com,537,54,2025-09-22,3,Card,Completed,537,699,34.95,418.85,33.2,17,Product 54,Home,Prime,65,233,324,122.0,537.0,2025-09-22,Changed Mind,568.31,Approved
127,Customer 127,Female,32,Islamabad,Pakistan,2024-12-22,customer127@mail.com,916,242,2025-01-24,1,Cash,Completed,916,229,22.9,106.8,10.3,12,Product 242,Home,Eco,77,229,202,160.0,668.0,2025-08-05,Damaged,632.69,Pending
127,Customer 127,Female,32,Islamabad,Pakistan,2024-12-22,customer127@mail.com,944,105,2025-08-31,1,Cash,Completed,944,499,49.9,95.64,22.46,17,Product 105,Clothing,Eco,314,499,478,,,,,,
128,Customer 128,Female,21,Peshawar,Pakistan,2024-03-03,customer128@mail.com,147,84,2025-07-13,4,Card,Completed,147,536,26.8,370.74,25.46,5,Product 84,Sports,Nova,27,134,286,,,,,,
128,Customer 128,Female,21,Peshawar,Pakistan,2024-03-03,customer128@mail.com,178,292,2025-10-13,2,Wallet,Completed,178,670,67.0,-65.15,30.15,6,Product 292,Home,Nova,316,335,71,,,,,,
128,Customer 128,Female,21,Peshawar,Pakistan,2024-03-03,customer128@mail.com,794,395,2025-05-18,1,Card,Completed,794,386,38.6,-11.97,17.37,3,Product 395,Books,Eco,339,386,90,,,,,,
130,Customer 130,Female,46,Faisalabad,Pakistan,2024-10-07,customer130@mail.com,777,457,2025-06-27,5,Bank,Completed,777,1625,81.25,245.56,77.19,6,Product 457,Books,Max,243,325,213,,,,,,
131,Customer 131,Female,28,Rawalpindi,Pakistan,2024-08-18,customer131@mail.com,183,185,2025-08-18,4,Wallet,Completed,183,1996,0.0,0.2,99.8,4,Product 185,Electronics,Nova,473,499,346,,,,,,
131,Customer 131,Female,28,Rawalpindi,Pakistan,2024-08-18,customer131@mail.com,447,442,2025-01-29,5,Wallet,Completed,447,795,79.5,150.73,35.77,14,Product 442,Electronics,Nova,103,159,26,74.0,347.0,2025-10-30,Wrong Item,215.72,Approved
131,Customer 131,Female,28,Rawalpindi,Pakistan,2024-08-18,customer131@mail.com,447,442,2025-01-29,5,Wallet,Completed,447,795,79.5,150.73,35.77,14,Product 442,Electronics,Nova,103,159,26,244.0,989.0,2025-07-16,Changed Mind,376.65,Approved
132,Customer 132,Female,33,Quetta,Pakistan,2024-09-23,customer132@mail.com,187,416,2025-02-17,3,Wallet,Completed,187,1809,180.9,139.69,81.41,9,Product 416,Books,Max,466,603,85,,,,,,
134,Customer 134,Female,22,Quetta,Pakistan,2024-04-30,customer134@mail.com,473,60,2025-01-23,3,Card,Completed,473,1386,69.3,144.86,65.84,11,Product 60,Electronics,Max,365,462,67,,,,,,
134,Customer 134,Female,22,Quetta,Pakistan,2024-04-30,customer134@mail.com,476,84,2025-08-12,4,Cash,Completed,476,536,26.8,371.74,25.46,4,Product 84,Sports,Nova,27,134,286,,,,,,
135,Customer 135,Female,39,Multan,Pakistan,2024-10-03,customer135@mail.com,195,44,2025-09-14,4,Wallet,Completed,195,1892,189.2,82.66,85.14,7,Product 44,Home,Max,382,473,355,95.0,428.0,2025-06-06,Changed Mind,297.95,Pending
136,Customer 136,Male,26,Islamabad,Pakistan,2024-04-28,customer136@mail.com,752,110,2025-11-20,1,Wallet,Completed,752,208,0.0,76.6,10.4,12,Product 110,Home,Eco,109,208,33,,,,,,
136,Customer 136,Male,26,Islamabad,Pakistan,2024-04-28,customer136@mail.com,905,61,2025-02-13,5,Bank,Completed,905,905,45.25,627.76,42.99,9,Product 61,Books,Nova,36,181,303,226.0,905.0,2025-02-13,Late Delivery,645.75,Approved
137,Customer 137,Female,27,Peshawar,Pakistan,2024-02-02,customer137@mail.com,176,271,2025-02-06,1,Bank,Completed,176,426,0.0,5.7,21.3,9,Product 271,Books,Eco,390,426,189,,,,,,
137,Customer 137,Female,27,Peshawar,Pakistan,2024-02-02,customer137@mail.com,303,411,2025-05-11,1,Wallet,Completed,303,324,16.2,101.41,15.39,10,Product 411,Sports,Max,181,324,126,3.0,10.0,2025-08-07,Wrong Item,553.26,Pending
137,Customer 137,Female,27,Peshawar,Pakistan,2024-02-02,customer137@mail.com,741,28,2025-12-29,3,Card,Completed,741,552,55.2,23.96,24.84,16,Product 28,Electronics,Max,144,184,389,72.0,343.0,2025-03-16,Changed Mind,454.9,Approved
138,Customer 138,Female,44,Multan,Pakistan,2024-10-04,customer138@mail.com,681,384,2025-07-23,2,Bank,Completed,681,396,0.0,88.2,19.8,8,Product 384,Clothing,Alpha,140,198,189,15.0,63.0,2025-04-19,Late Delivery,316.48,Approved
139,Customer 139,Female,44,Karachi,Pakistan,2024-04-15,customer139@mail.com,841,130,2025-02-12,2,Card,Completed,841,518,0.0,109.1,25.9,11,Product 130,Sports,Alpha,186,259,201,,,,,,
139,Customer 139,Female,44,Karachi,Pakistan,2024-04-15,customer139@mail.com,974,371,2025-02-23,1,Cash,Completed,974,372,18.6,42.73,17.67,19,Product 371,Electronics,Prime,274,372,370,240.0,974.0,2025-02-23,Changed Mind,238.59,Pending
141,Customer 141,Female,48,Karachi,Pakistan,2024-06-29,customer141@mail.com,241,169,2025-07-31,5,Card,Completed,241,2525,252.5,69.88,113.62,9,Product 169,Sports,Prime,416,505,230,111.0,482.0,2025-12-02,Late Delivery,251.55,Pending
141,Customer 141,Female,48,Karachi,Pakistan,2024-06-29,customer141@mail.com,454,444,2025-09-09,1,Wallet,Completed,454,316,31.6,61.18,14.22,16,Product 444,Books,Eco,193,316,335,218.0,874.0,2025-02-28,Wrong Item,513.55,Pending
141,Customer 141,Female,48,Karachi,Pakistan,2024-06-29,customer141@mail.com,875,247,2025-02-17,2,Bank,Completed,875,1056,105.6,192.88,47.52,20,Product 247,Home,Alpha,345,528,417,,,,,,
141,Customer 141,Female,48,Karachi,Pakistan,2024-06-29,customer141@mail.com,890,163,2025-07-24,3,Cash,Completed,890,672,67.2,135.56,30.24,13,Product 163,Home,Eco,142,224,84,,,,,,
142,Customer 142,Female,42,Faisalabad,Pakistan,2024-10-02,customer142@mail.com,910,116,2025-12-25,5,Wallet,Completed,910,2775,138.75,364.44,131.81,15,Product 116,Sports,Eco,425,555,96,227.0,910.0,2025-12-25,Late Delivery,2285.53,Pending
145,Customer 145,Female,60,Faisalabad,Pakistan,2024-03-25,customer145@mail.com,52,13,2025-07-11,5,Wallet,Completed,52,2075,103.75,78.69,98.56,4,Product 13,Sports,Max,358,415,406,13.0,56.0,2025-06-19,Damaged,1489.2,Approved
145,Customer 145,Female,60,Faisalabad,Pakistan,2024-03-25,customer145@mail.com,60,392,2025-07-15,4,Wallet,Completed,60,2240,224.0,76.2,100.8,3,Product 392,Clothing,Alpha,459,560,290,,,,,,
146,Customer 146,Female,26,Karachi,Pakistan,2024-07-20,customer146@mail.com,339,108,2025-05-09,4,Bank,Completed,339,1300,130.0,338.5,58.5,17,Product 108,Sports,Eco,189,325,60,70.0,339.0,2025-05-09,Wrong Item,1018.14,Approved
146,Customer 146,Female,26,Karachi,Pakistan,2024-07-20,customer146@mail.com,889,68,2025-01-19,4,Cash,Completed,889,560,28.0,-37.6,26.6,3,Product 68,Clothing,Max,135,140,47,221.0,889.0,2025-01-19,Changed Mind,291.3,Pending
147,Customer 147,Male,23,Faisalabad,Pakistan,2024-03-10,customer147@mail.com,145,241,2025-01-05,5,Wallet,Completed,145,2280,114.0,200.7,108.3,12,Product 241,Clothing,Eco,369,456,260,33.0,145.0,2025-01-05,Late Delivery,1549.16,Approved
148,Customer 148,Female,29,Karachi,Pakistan,2024-05-13,customer148@mail.com,465,383,2025-07-15,4,Card,Completed,465,1428,71.4,-40.23,67.83,9,Product 383,Home,Eco,330,357,15,,,,,,
148,Customer 148,Female,29,Karachi,Pakistan,2024-05-13,customer148@mail.com,636,331,2025-06-27,4,Bank,Completed,636,1904,95.2,-53.64,90.44,8,Product 331,Electronics,Nova,441,476,423,,,,,,
148,Customer 148,Female,29,Karachi,Pakistan,2024-05-13,customer148@mail.com,662,385,2025-04-28,1,Bank,Completed,662,168,8.4,5.62,7.98,10,Product 385,Electronics,Alpha,136,168,207,158.0,662.0,2025-04-28,Wrong Item,84.12,Approved
149,Customer 149,Female,38,Peshawar,Pakistan,2024-08-20,customer149@mail.com,35,352,2025-12-11,3,Card,Completed,35,1419,141.9,203.25,63.85,8,Product 352,Clothing,Max,334,473,416,44.0,218.0,2025-07-03,Changed Mind,392.95,Pending
149,Customer 149,Female,38,Peshawar,Pakistan,2024-08-20,customer149@mail.com,319,332,2025-04-01,2,Cash,Completed,319,876,43.8,69.59,41.61,9,Product 332,Books,Alpha,356,438,120,,,,,,
149,Customer 149,Female,38,Peshawar,Pakistan,2024-08-20,customer149@mail.com,702,45,2025-02-15,1,Bank,Completed,702,446,44.6,-19.67,20.07,9,Product 45,Clothing,Max,392,446,448,,,,,,
149,Customer 149,Female,38,Peshawar,Pakistan,2024-08-20,customer149@mail.com,926,320,2025-12-07,5,Card,Completed,926,455,22.75,257.64,21.61,18,Product 320,Books,Eco,27,91,368,,,,,,
149,Customer 149,Female,38,Peshawar,Pakistan,2024-08-20,customer149@mail.com,968,473,2025-07-19,3,Bank,Completed,968,333,0.0,158.35,16.65,8,Product 473,Home,Nova,50,111,391,,,,,,
150,Customer 150,Female,39,Faisalabad,Pakistan,2024-05-22,customer150@mail.com,293,415,2025-01-14,5,Bank,Completed,293,3270,163.5,611.17,155.33,5,Product 415,Electronics,Max,467,654,302,62.0,293.0,2025-01-14,Late Delivery,1672.64,Pending
150,Customer 150,Female,39,Faisalabad,Pakistan,2024-05-22,customer150@mail.com,595,189,2025-09-23,1,Card,Completed,595,253,0.0,112.35,12.65,10,Product 189,Books,Max,118,253,307,,,,,,
151,Customer 151,Female,34,Lahore,Pakistan,2024-08-28,customer151@mail.com,645,64,2025-07-20,5,Card,Completed,645,2165,0.0,538.75,108.25,3,Product 64,Electronics,Max,303,433,238,84.0,405.0,2025-04-16,Late Delivery,1240.07,Pending
151,Customer 151,Female,34,Lahore,Pakistan,2024-08-28,customer151@mail.com,645,64,2025-07-20,5,Card,Completed,645,2165,0.0,538.75,108.25,3,Product 64,Electronics,Max,303,433,238,157.0,659.0,2025-05-02,Late Delivery,892.75,Approved
151,Customer 151,Female,34,Lahore,Pakistan,2024-08-28,customer151@mail.com,696,311,2025-12-31,2,Card,Completed,696,390,39.0,216.45,17.55,19,Product 311,Sports,Alpha,49,195,198,165.0,696.0,2025-12-31,Damaged,262.89,Pending
152,Customer 152,Male,52,Karachi,Pakistan,2024-06-28,customer152@mail.com,355,219,2025-12-24,3,Card,Completed,355,585,58.5,-68.83,26.33,5,Product 219,Sports,Nova,188,195,109,,,,,,
153,Customer 153,Male,59,Lahore,Pakistan,2024-11-29,customer153@mail.com,754,182,2025-01-03,1,Bank,Completed,754,392,39.2,93.16,17.64,8,Product 182,Sports,Max,234,392,215,,,,,,
153,Customer 153,Male,59,Lahore,Pakistan,2024-11-29,customer153@mail.com,842,448,2025-08-03,4,Card,Completed,842,636,63.6,180.78,28.62,11,Product 448,Electronics,Prime,88,159,24,208.0,842.0,2025-08-03,Changed Mind,301.58,Pending
154,Customer 154,Male,19,Peshawar,Pakistan,2024-04-12,customer154@mail.com,189,20,2025-07-15,5,Cash,Completed,189,1005,0.0,341.75,50.25,13,Product 20,Home,Nova,120,201,363,,,,,,
154,Customer 154,Male,19,Peshawar,Pakistan,2024-04-12,customer154@mail.com,251,290,2025-10-12,3,Cash,Completed,251,1434,0.0,263.3,71.7,13,Product 290,Clothing,Alpha,362,478,135,,,,,,
154,Customer 154,Male,19,Peshawar,Pakistan,2024-04-12,customer154@mail.com,710,418,2025-01-12,2,Wallet,Completed,710,298,14.9,72.94,14.16,16,Product 418,Clothing,Nova,90,149,31,,,,,,
154,Customer 154,Male,19,Peshawar,Pakistan,2024-04-12,customer154@mail.com,726,24,2025-05-31,5,Wallet,Completed,726,1500,0.0,372.0,75.0,18,Product 24,Clothing,Prime,207,300,31,,,,,,
154,Customer 154,Male,19,Peshawar,Pakistan,2024-04-12,customer154@mail.com,816,241,2025-06-22,4,Wallet,Completed,816,1824,182.4,80.52,82.08,3,Product 241,Clothing,Eco,369,456,260,33.0,145.0,2025-01-05,Late Delivery,1549.16,Approved
155,Customer 155,Male,57,Islamabad,Pakistan,2024-05-02,customer155@mail.com,210,121,2025-05-22,5,Cash,Completed,210,1205,120.5,644.27,54.23,11,Product 121,Clothing,Alpha,75,241,372,,,,,,
155,Customer 155,Male,57,Islamabad,Pakistan,2024-05-02,customer155@mail.com,718,353,2025-03-30,5,Wallet,Completed,718,580,58.0,420.9,26.1,5,Product 353,Home,Eco,14,116,288,156.0,657.0,2025-12-08,Changed Mind,332.71,Pending
157,Customer 157,Male,47,Quetta,Pakistan,2024-07-07,customer157@mail.com,768,359,2025-04-24,2,Bank,Completed,768,608,30.4,268.72,28.88,18,Product 359,Clothing,Prime,131,304,283,182.0,768.0,2025-04-24,Damaged,412.14,Pending
158,Customer 158,Male,56,Lahore,Pakistan,2024-03-24,customer158@mail.com,796,170,2025-03-21,4,Card,Completed,796,2372,0.0,545.4,118.6,20,Product 170,Books,Nova,422,593,163,179.0,760.0,2025-03-24,Changed Mind,419.43,Approved
159,Customer 159,Female,24,Karachi,Pakistan,2024-06-08,customer159@mail.com,214,353,2025-03-11,5,Wallet,Completed,214,580,0.0,473.0,29.0,8,Product 353,Home,Eco,14,116,288,156.0,657.0,2025-12-08,Changed Mind,332.71,Pending
159,Customer 159,Female,24,Karachi,Pakistan,2024-06-08,customer159@mail.com,232,374,2025-05-28,4,Card,Completed,232,1980,0.0,358.0,99.0,7,Product 374,Sports,Prime,379,495,99,,,,,,
159,Customer 159,Female,24,Karachi,Pakistan,2024-06-08,customer159@mail.com,707,258,2025-05-21,1,Wallet,Completed,707,408,40.8,14.84,18.36,9,Product 258,Clothing,Eco,325,408,345,235.0,953.0,2025-06-28,Late Delivery,422.8,Pending
160,Customer 160,Female,43,Peshawar,Pakistan,2024-02-08,customer160@mail.com,290,314,2025-06-25,1,Cash,Completed,290,312,15.6,7.58,14.82,17,Product 314,Books,Nova,257,312,87,36.0,171.0,2025-06-15,Damaged,641.57,Approved
160,Customer 160,Female,43,Peshawar,Pakistan,2024-02-08,customer160@mail.com,531,267,2025-11-22,3,Card,Completed,531,1275,0.0,380.25,63.75,3,Product 267,Electronics,Max,276,425,342,,,,,,
160,Customer 160,Female,43,Peshawar,Pakistan,2024-02-08,customer160@mail.com,943,369,2025-09-06,1,Card,Completed,943,182,0.0,72.9,9.1,5,Product 369,Electronics,Alpha,95,182,85,234.0,943.0,2025-09-06,Damaged,145.94,Approved
161,Customer 161,Male,24,Quetta,Pakistan,2024-12-16,customer161@mail.com,901,390,2025-12-29,3,Wallet,Completed,901,165,16.5,8.07,7.43,7,Product 390,Home,Alpha,42,55,173,,,,,,
161,Customer 161,Male,24,Quetta,Pakistan,2024-12-16,customer161@mail.com,935,258,2025-08-28,3,Bank,Completed,935,1224,61.2,112.66,58.14,17,Product 258,Clothing,Eco,325,408,345,235.0,953.0,2025-06-28,Late Delivery,422.8,Pending
162,Customer 162,Male,54,Karachi,Pakistan,2024-06-26,customer162@mail.com,582,3,2025-04-10,4,Bank,Completed,582,1596,0.0,457.2,79.8,3,Product 3,Books,Eco,264,399,372,,,,,,
163,Customer 163,Female,60,Multan,Pakistan,2024-02-05,customer163@mail.com,430,194,2025-07-19,5,Bank,Completed,430,1280,128.0,268.4,57.6,6,Product 194,Sports,Nova,164,256,276,,,,,,
163,Customer 163,Female,60,Multan,Pakistan,2024-02-05,customer163@mail.com,554,196,2025-02-16,3,Cash,Completed,554,1671,0.0,445.45,83.55,20,Product 196,Sports,Prime,374,557,44,129.0,554.0,2025-02-16,Late Delivery,955.84,Approved
163,Customer 163,Female,60,Multan,Pakistan,2024-02-05,customer163@mail.com,847,59,2025-05-15,4,Cash,Completed,847,1732,86.6,-75.87,82.27,7,Product 59,Books,Eco,408,433,280,113.0,494.0,2025-04-02,Late Delivery,1544.01,Pending
163,Customer 163,Female,60,Multan,Pakistan,2024-02-05,customer163@mail.com,847,59,2025-05-15,4,Cash,Completed,847,1732,86.6,-75.87,82.27,7,Product 59,Books,Eco,408,433,280,220.0,881.0,2025-06-15,Late Delivery,526.17,Pending
164,Customer 164,Female,18,Faisalabad,Pakistan,2024-09-07,customer164@mail.com,264,139,2025-12-27,2,Bank,Completed,264,104,10.4,22.92,4.68,10,Product 139,Home,Max,28,52,298,52.0,264.0,2025-12-27,Late Delivery,61.37,Pending
164,Customer 164,Female,18,Faisalabad,Pakistan,2024-09-07,customer164@mail.com,264,139,2025-12-27,2,Bank,Completed,264,104,10.4,22.92,4.68,10,Product 139,Home,Max,28,52,298,199.0,821.0,2025-02-23,Damaged,31.67,Approved
164,Customer 164,Female,18,Faisalabad,Pakistan,2024-09-07,customer164@mail.com,264,139,2025-12-27,2,Bank,Completed,264,104,10.4,22.92,4.68,10,Product 139,Home,Max,28,52,298,243.0,988.0,2025-10-29,Changed Mind,137.42,Pending
164,Customer 164,Female,18,Faisalabad,Pakistan,2024-09-07,customer164@mail.com,886,102,2025-01-26,2,Wallet,Completed,886,616,30.8,51.94,29.26,4,Product 102,Home,Prime,250,308,499,,,,,,
165,Customer 165,Male,45,Multan,Pakistan,2024-11-21,customer165@mail.com,199,177,2025-12-02,5,Cash,Completed,199,2495,124.75,473.74,118.51,8,Product 177,Electronics,Eco,354,499,492,,,,,,
165,Customer 165,Male,45,Multan,Pakistan,2024-11-21,customer165@mail.com,359,181,2025-09-15,3,Wallet,Completed,359,813,40.65,480.73,38.62,4,Product 181,Sports,Eco,83,271,47,77.0,359.0,2025-09-15,Changed Mind,519.49,Approved
166,Customer 166,Female,27,Faisalabad,Pakistan,2024-03-31,customer166@mail.com,182,312,2025-10-16,2,Card,Completed,182,372,18.6,101.73,17.67,20,Product 312,Books,Prime,107,186,388,189.0,792.0,2025-02-05,Changed Mind,355.1,Approved
166,Customer 166,Female,27,Faisalabad,Pakistan,2024-03-31,customer166@mail.com,580,222,2025-05-21,4,Cash,Completed,580,2212,221.2,132.26,99.54,19,Product 222,Sports,Nova,435,553,52,,,,,,
166,Customer 166,Female,27,Faisalabad,Pakistan,2024-03-31,customer166@mail.com,958,390,2025-05-02,2,Cash,Completed,958,110,0.0,5.5,5.5,15,Product 390,Home,Alpha,42,55,173,,,,,,
167,Customer 167,Female,57,Rawalpindi,Pakistan,2024-08-26,customer167@mail.com,142,443,2025-08-28,4,Bank,Completed,142,1020,102.0,-96.9,45.9,17,Product 443,Home,Nova,238,255,150,31.0,142.0,2025-08-28,Wrong Item,894.36,Pending
167,Customer 167,Female,57,Rawalpindi,Pakistan,2024-08-26,customer167@mail.com,160,8,2025-05-22,2,Cash,Completed,160,784,39.2,-50.44,37.24,10,Product 8,Books,Eco,374,392,97,35.0,160.0,2025-05-22,Changed Mind,388.04,Approved
167,Customer 167,Female,57,Rawalpindi,Pakistan,2024-08-26,customer167@mail.com,761,385,2025-09-14,4,Wallet,Completed,761,672,0.0,88.4,33.6,6,Product 385,Electronics,Alpha,136,168,207,158.0,662.0,2025-04-28,Wrong Item,84.12,Approved
168,Customer 168,Female,55,Quetta,Pakistan,2024-06-14,customer168@mail.com,192,258,2025-03-20,2,Cash,Completed,192,816,81.6,32.68,36.72,15,Product 258,Clothing,Eco,325,408,345,235.0,953.0,2025-06-28,Late Delivery,422.8,Pending
168,Customer 168,Female,55,Quetta,Pakistan,2024-06-14,customer168@mail.com,258,74,2025-09-22,1,Card,Completed,258,539,0.0,63.05,26.95,4,Product 74,Electronics,Nova,445,539,285,,,,,,
168,Customer 168,Female,55,Quetta,Pakistan,2024-06-14,customer168@mail.com,348,223,2025-04-24,5,Card,Completed,348,1530,153.0,-164.85,68.85,3,Product 223,Clothing,Prime,294,306,26,114.0,497.0,2025-01-10,Changed Mind,1203.35,Pending
168,Customer 168,Female,55,Quetta,Pakistan,2024-06-14,customer168@mail.com,348,223,2025-04-24,5,Card,Completed,348,1530,153.0,-164.85,68.85,3,Product 223,Clothing,Prime,294,306,26,175.0,734.0,2025-01-14,Changed Mind,679.31,Approved
168,Customer 168,Female,55,Quetta,Pakistan,2024-06-14,customer168@mail.com,610,127,2025-11-19,1,Bank,Completed,610,146,0.0,106.7,7.3,19,Product 127,Sports,Nova,13,146,64,,,,,,
169,Customer 169,Male,23,Quetta,Pakistan,2024-08-18,customer169@mail.com,67,316,2025-12-22,3,Card,Completed,67,1047,104.7,335.18,47.12,14,Product 316,Electronics,Prime,182,349,10,,,,,,
169,Customer 169,Male,23,Quetta,Pakistan,2024-08-18,customer169@mail.com,591,301,2025-02-25,2,Cash,Completed,591,310,0.0,119.5,15.5,5,Product 301,Electronics,Max,85,155,355,,,,,,
169,Customer 169,Male,23,Quetta,Pakistan,2024-08-18,customer169@mail.com,661,69,2025-06-12,3,Cash,Completed,661,423,42.3,261.66,19.04,16,Product 69,Home,Alpha,28,141,287,,,,,,
169,Customer 169,Male,23,Quetta,Pakistan,2024-08-18,customer169@mail.com,735,328,2025-07-05,1,Bank,Completed,735,106,5.3,29.66,5.04,7,Product 328,Sports,Eco,59,106,170,,,,,,
170,Customer 170,Male,47,Faisalabad,Pakistan,2024-06-21,customer170@mail.com,375,332,2025-08-31,3,Bank,Completed,375,1314,131.4,48.47,59.13,7,Product 332,Books,Alpha,356,438,120,,,,,,
171,Customer 171,Male,49,Multan,Pakistan,2024-04-03,customer171@mail.com,455,368,2025-02-21,4,Card,Completed,455,1500,150.0,-4.5,67.5,11,Product 368,Clothing,Prime,319,375,377,105.0,464.0,2025-08-11,Wrong Item,1445.82,Pending
171,Customer 171,Male,49,Multan,Pakistan,2024-04-03,customer171@mail.com,620,101,2025-05-09,3,Bank,Completed,620,285,28.5,106.67,12.83,11,Product 101,Books,Max,42,95,121,143.0,620.0,2025-05-09,Wrong Item,205.72,Pending
172,Customer 172,Female,31,Multan,Pakistan,2024-05-12,customer172@mail.com,356,377,2025-09-21,1,Bank,Completed,356,561,0.0,146.95,28.05,6,Product 377,Home,Nova,380,561,100,,,,,,
172,Customer 172,Female,31,Multan,Pakistan,2024-05-12,customer172@mail.com,918,232,2025-06-29,4,Bank,Completed,918,1940,194.0,-39.3,87.3,18,Product 232,Clothing,Max,420,485,362,34.0,150.0,2025-12-25,Damaged,763.61,Approved
173,Customer 173,Female,35,Quetta,Pakistan,2024-10-11,customer173@mail.com,650,421,2025-12-15,2,Cash,Completed,650,1324,0.0,309.8,66.2,6,Product 421,Electronics,Alpha,471,662,208,,,,,,
174,Customer 174,Male,51,Peshawar,Pakistan,2024-02-13,customer174@mail.com,162,477,2025-01-31,1,Bank,Completed,162,651,65.1,61.6,29.3,7,Product 477,Electronics,Eco,488,651,465,,,,,,
174,Customer 174,Male,51,Peshawar,Pakistan,2024-02-13,customer174@mail.com,249,473,2025-08-31,4,Cash,Completed,249,444,44.4,172.62,19.98,7,Product 473,Home,Nova,50,111,391,,,,,,
175,Customer 175,Male,44,Rawalpindi,Pakistan,2024-10-11,customer175@mail.com,248,203,2025-11-12,5,Cash,Completed,248,2720,0.0,665.0,136.0,9,Product 203,Clothing,Eco,382,544,313,,,,,,
176,Customer 176,Male,48,Rawalpindi,Pakistan,2024-08-17,customer176@mail.com,12,94,2025-07-25,1,Wallet,Completed,12,190,9.5,32.47,9.03,11,Product 94,Home,Nova,128,190,422,126.0,544.0,2025-01-02,Changed Mind,357.28,Pending
177,Customer 177,Male,23,Quetta,Pakistan,2024-04-23,customer177@mail.com,508,225,2025-09-17,2,Card,Completed,508,1052,105.2,78.46,47.34,13,Product 225,Books,Eco,404,526,291,,,,,,
179,Customer 179,Female,48,Multan,Pakistan,2024-08-05,customer179@mail.com,49,114,2025-12-06,2,Bank,Completed,49,726,36.3,49.21,34.49,14,Product 114,Sports,Max,296,363,345,,,,,,
179,Customer 179,Female,48,Multan,Pakistan,2024-08-05,customer179@mail.com,711,388,2025-07-20,4,Cash,Completed,711,908,90.8,-23.66,40.86,12,Product 388,Sports,Max,197,227,343,,,,,,
179,Customer 179,Female,48,Multan,Pakistan,2024-08-05,customer179@mail.com,837,239,2025-11-25,4,Wallet,Completed,837,2068,0.0,331.6,103.4,5,Product 239,Electronics,Prime,407,517,453,205.0,837.0,2025-11-25,Changed Mind,1146.03,Pending
181,Customer 181,Female,34,Peshawar,Pakistan,2024-03-02,customer181@mail.com,81,419,2025-09-07,3,Wallet,Completed,81,738,73.8,-35.01,33.21,3,Product 419,Sports,Nova,221,246,431,171.0,719.0,2025-05-21,Changed Mind,506.02,Approved
181,Customer 181,Female,34,Peshawar,Pakistan,2024-03-02,customer181@mail.com,406,83,2025-11-10,5,Card,Completed,406,2670,267.0,532.85,120.15,5,Product 83,Electronics,Nova,349,534,389,85.0,406.0,2025-11-10,Damaged,1896.13,Approved
181,Customer 181,Female,34,Peshawar,Pakistan,2024-03-02,customer181@mail.com,406,83,2025-11-10,5,Card,Completed,406,2670,267.0,532.85,120.15,5,Product 83,Electronics,Nova,349,534,389,99.0,440.0,2025-12-18,Wrong Item,906.99,Pending
181,Customer 181,Female,34,Peshawar,Pakistan,2024-03-02,customer181@mail.com,406,83,2025-11-10,5,Card,Completed,406,2670,267.0,532.85,120.15,5,Product 83,Electronics,Nova,349,534,389,217.0,871.0,2025-06-02,Late Delivery,717.06,Pending
181,Customer 181,Female,34,Peshawar,Pakistan,2024-03-02,customer181@mail.com,426,393,2025-06-14,3,Cash,Completed,426,1545,0.0,2.75,77.25,4,Product 393,Home,Max,487,515,324,93.0,426.0,2025-06-14,Damaged,1055.55,Pending
181,Customer 181,Female,34,Peshawar,Pakistan,2024-03-02,customer181@mail.com,456,216,2025-10-08,5,Bank,Completed,456,1145,57.25,530.36,54.39,3,Product 216,Books,Nova,100,229,294,195.0,812.0,2025-04-18,Wrong Item,388.33,Pending
181,Customer 181,Female,34,Peshawar,Pakistan,2024-03-02,customer181@mail.com,616,118,2025-01-22,5,Wallet,Completed,616,2070,207.0,336.85,93.15,13,Product 118,Clothing,Max,284,414,338,,,,,,
183,Customer 183,Male,30,Peshawar,Pakistan,2024-09-04,customer183@mail.com,824,385,2025-07-23,3,Card,Completed,824,504,25.2,31.86,23.94,15,Product 385,Electronics,Alpha,136,168,207,158.0,662.0,2025-04-28,Wrong Item,84.12,Approved
184,Customer 184,Female,55,Quetta,Pakistan,2024-02-21,customer184@mail.com,11,458,2025-11-15,4,Bank,Completed,11,1340,134.0,-75.3,60.3,5,Product 458,Electronics,Max,304,335,349,,,,,,
184,Customer 184,Female,55,Quetta,Pakistan,2024-02-21,customer184@mail.com,573,199,2025-12-23,2,Cash,Completed,573,902,0.0,71.9,45.1,17,Product 199,Books,Nova,384,451,292,,,,,,
185,Customer 185,Male,36,Peshawar,Pakistan,2024-07-03,customer185@mail.com,10,411,2025-08-07,3,Cash,Completed,10,972,0.0,376.4,48.6,4,Product 411,Sports,Max,181,324,126,3.0,10.0,2025-08-07,Wrong Item,553.26,Pending
185,Customer 185,Male,36,Peshawar,Pakistan,2024-07-03,customer185@mail.com,106,123,2025-03-22,1,Cash,Completed,106,216,10.8,-16.06,10.26,15,Product 123,Books,Max,196,216,477,,,,,,
185,Customer 185,Male,36,Peshawar,Pakistan,2024-07-03,customer185@mail.com,828,320,2025-01-21,4,Wallet,Completed,828,364,0.0,228.8,18.2,9,Product 320,Books,Eco,27,91,368,,,,,,
186,Customer 186,Male,37,Karachi,Pakistan,2024-12-28,customer186@mail.com,123,314,2025-04-06,3,Bank,Completed,123,936,0.0,107.2,46.8,11,Product 314,Books,Nova,257,312,87,36.0,171.0,2025-06-15,Damaged,641.57,Approved
186,Customer 186,Male,37,Karachi,Pakistan,2024-12-28,customer186@mail.com,523,484,2025-08-15,1,Card,Completed,523,311,0.0,40.45,15.55,19,Product 484,Clothing,Nova,236,311,305,,,,,,
186,Customer 186,Male,37,Karachi,Pakistan,2024-12-28,customer186@mail.com,581,265,2025-04-25,1,Cash,Completed,581,274,13.7,38.28,13.02,16,Product 265,Clothing,Eco,193,274,406,,,,,,
186,Customer 186,Male,37,Karachi,Pakistan,2024-12-28,customer186@mail.com,676,324,2025-12-24,1,Card,Completed,676,536,26.8,-31.26,25.46,17,Product 324,Clothing,Prime,498,536,143,,,,,,
186,Customer 186,Male,37,Karachi,Pakistan,2024-12-28,customer186@mail.com,773,381,2025-09-28,5,Bank,Completed,773,3080,0.0,495.0,154.0,11,Product 381,Clothing,Prime,484,616,391,30.0,138.0,2025-04-18,Changed Mind,566.71,Approved
186,Customer 186,Male,37,Karachi,Pakistan,2024-12-28,customer186@mail.com,773,381,2025-09-28,5,Bank,Completed,773,3080,0.0,495.0,154.0,11,Product 381,Clothing,Prime,484,616,391,184.0,773.0,2025-09-28,Damaged,2131.44,Approved
186,Customer 186,Male,37,Karachi,Pakistan,2024-12-28,customer186@mail.com,773,381,2025-09-28,5,Bank,Completed,773,3080,0.0,495.0,154.0,11,Product 381,Clothing,Prime,484,616,391,185.0,774.0,2025-03-03,Damaged,2003.84,Approved
187,Customer 187,Male,35,Karachi,Pakistan,2024-01-28,customer187@mail.com,26,367,2025-02-28,4,Cash,Completed,26,1604,160.4,265.42,72.18,10,Product 367,Electronics,Prime,274,401,479,6.0,26.0,2025-02-28,Late Delivery,978.14,Pending
187,Customer 187,Male,35,Karachi,Pakistan,2024-01-28,customer187@mail.com,438,237,2025-05-04,2,Card,Completed,438,466,46.6,78.43,20.97,12,Product 237,Books,Prime,154,233,497,,,,,,
187,Customer 187,Male,35,Karachi,Pakistan,2024-01-28,customer187@mail.com,831,181,2025-02-06,1,Card,Completed,831,271,27.1,131.7,12.2,17,Product 181,Sports,Eco,83,271,47,77.0,359.0,2025-09-15,Changed Mind,519.49,Approved
188,Customer 188,Female,26,Rawalpindi,Pakistan,2024-02-22,customer188@mail.com,97,314,2025-12-15,3,Wallet,Completed,97,936,0.0,102.2,46.8,16,Product 314,Books,Nova,257,312,87,36.0,171.0,2025-06-15,Damaged,641.57,Approved
190,Customer 190,Female,46,Multan,Pakistan,2024-04-04,customer190@mail.com,92,448,2025-12-24,1,Wallet,Completed,92,159,0.0,45.05,7.95,18,Product 448,Electronics,Prime,88,159,24,208.0,842.0,2025-08-03,Changed Mind,301.58,Pending
191,Customer 191,Male,34,Rawalpindi,Pakistan,2024-02-28,customer191@mail.com,161,395,2025-05-08,1,Card,Completed,161,386,19.3,4.36,18.34,5,Product 395,Books,Eco,339,386,90,,,,,,
192,Customer 192,Male,43,Rawalpindi,Pakistan,2024-02-07,customer192@mail.com,615,131,2025-02-13,5,Card,Completed,615,3020,0.0,377.0,151.0,12,Product 131,Sports,Max,496,604,134,,,,,,
193,Customer 193,Male,27,Islamabad,Pakistan,2024-10-15,customer193@mail.com,253,321,2025-03-26,5,Wallet,Completed,253,2815,0.0,353.25,140.75,6,Product 321,Sports,Alpha,463,563,307,187.0,787.0,2025-07-02,Damaged,499.51,Pending
195,Customer 195,Female,56,Peshawar,Pakistan,2024-09-24,customer195@mail.com,427,50,2025-06-26,4,Bank,Completed,427,1020,51.0,214.55,48.45,14,Product 50,Books,Max,173,255,15,94.0,427.0,2025-06-26,Wrong Item,602.83,Pending
196,Customer 196,Female,46,Rawalpindi,Pakistan,2024-06-01,customer196@mail.com,93,180,2025-12-23,5,Cash,Completed,93,2055,102.75,202.64,97.61,7,Product 180,Clothing,Prime,329,411,347,,,,,,
196,Customer 196,Female,46,Rawalpindi,Pakistan,2024-06-01,customer196@mail.com,127,101,2025-03-18,2,Wallet,Completed,127,190,0.0,88.5,9.5,8,Product 101,Books,Max,42,95,121,143.0,620.0,2025-05-09,Wrong Item,205.72,Pending
196,Customer 196,Female,46,Rawalpindi,Pakistan,2024-06-01,customer196@mail.com,311,199,2025-01-31,3,Bank,Completed,311,1353,67.65,61.08,64.27,8,Product 199,Books,Nova,384,451,292,,,,,,
196,Customer 196,Female,46,Rawalpindi,Pakistan,2024-06-01,customer196@mail.com,471,155,2025-12-10,4,Bank,Completed,471,360,0.0,294.0,18.0,20,Product 155,Sports,Prime,7,90,399,108.0,471.0,2025-12-10,Wrong Item,212.29,Pending
196,Customer 196,Female,46,Rawalpindi,Pakistan,2024-06-01,customer196@mail.com,680,301,2025-07-30,3,Cash,Completed,680,465,0.0,172.75,23.25,14,Product 301,Electronics,Max,85,155,355,,,,,,
197,Customer 197,Female,37,Karachi,Pakistan,2024-11-08,customer197@mail.com,32,215,2025-12-21,5,Card,Completed,32,1750,87.5,14.38,83.12,15,Product 215,Books,Eco,310,350,226,,,,,,
197,Customer 197,Female,37,Karachi,Pakistan,2024-11-08,customer197@mail.com,273,34,2025-04-17,3,Wallet,Completed,273,915,45.75,491.79,43.46,13,Product 34,Home,Prime,107,305,156,,,,,,
197,Customer 197,Female,37,Karachi,Pakistan,2024-11-08,customer197@mail.com,422,231,2025-07-12,3,Wallet,Completed,422,1350,67.5,-54.62,64.12,4,Product 231,Sports,Alpha,423,450,407,92.0,422.0,2025-07-12,Late Delivery,998.21,Approved
197,Customer 197,Female,37,Karachi,Pakistan,2024-11-08,customer197@mail.com,451,159,2025-12-17,3,Cash,Completed,451,948,94.8,-63.46,42.66,10,Product 159,Books,Max,288,316,411,,,,,,
197,Customer 197,Female,37,Karachi,Pakistan,2024-11-08,customer197@mail.com,781,288,2025-07-25,4,Bank,Completed,781,720,0.0,496.0,36.0,8,Product 288,Clothing,Nova,45,180,284,110.0,477.0,2025-08-23,Late Delivery,393.69,Approved
197,Customer 197,Female,37,Karachi,Pakistan,2024-11-08,customer197@mail.com,781,288,2025-07-25,4,Bank,Completed,781,720,0.0,496.0,36.0,8,Product 288,Clothing,Nova,45,180,284,186.0,781.0,2025-07-25,Damaged,565.88,Pending
197,Customer 197,Female,37,Karachi,Pakistan,2024-11-08,customer197@mail.com,809,43,2025-08-04,5,Card,Completed,809,2045,204.5,548.47,92.03,5,Product 43,Home,Nova,239,409,17,180.0,764.0,2025-05-07,Damaged,943.17,Pending
197,Customer 197,Female,37,Karachi,Pakistan,2024-11-08,customer197@mail.com,809,43,2025-08-04,5,Card,Completed,809,2045,204.5,548.47,92.03,5,Product 43,Home,Nova,239,409,17,194.0,809.0,2025-08-04,Damaged,922.89,Pending
198,Customer 198,Male,31,Peshawar,Pakistan,2024-05-15,customer198@mail.com,900,97,2025-02-23,4,Bank,Completed,900,768,0.0,170.6,38.4,19,Product 97,Home,Alpha,135,192,482,188.0,791.0,2025-09-09,Wrong Item,502.38,Pending
199,Customer 199,Male,28,Peshawar,Pakistan,2024-03-29,customer199@mail.com,452,5,2025-05-11,4,Bank,Completed,452,1404,0.0,627.8,70.2,10,Product 5,Electronics,Eco,174,351,308,164.0,687.0,2025-05-17,Damaged,240.45,Pending
200,Customer 200,Male,28,Karachi,Pakistan,2024-07-28,customer200@mail.com,320,459,2025-11-19,1,Bank,Completed,320,599,29.95,36.6,28.45,5,Product 459,Books,Max,499,599,321,,,,,,
200,Customer 200,Male,28,Karachi,Pakistan,2024-07-28,customer200@mail.com,530,372,2025-09-24,2,Bank,Completed,530,1322,0.0,276.9,66.1,5,Product 372,Sports,Max,487,661,61,,,,,,
201,Customer 201,Female,56,Rawalpindi,Pakistan,2024-05-29,customer201@mail.com,923,302,2025-05-22,4,Bank,Completed,923,1636,0.0,50.2,81.8,4,Product 302,Clothing,Max,375,409,11,,,,,,
202,Customer 202,Male,32,Quetta,Pakistan,2024-12-27,customer202@mail.com,194,76,2025-06-22,2,Cash,Completed,194,408,20.4,352.22,19.38,4,Product 76,Electronics,Prime,6,204,247,,,,,,
202,Customer 202,Male,32,Quetta,Pakistan,2024-12-27,customer202@mail.com,209,382,2025-01-10,2,Bank,Completed,209,218,21.8,84.39,9.81,14,Product 382,Home,Prime,44,109,95,219.0,876.0,2025-08-12,Late Delivery,367.78,Pending
202,Customer 202,Male,32,Quetta,Pakistan,2024-12-27,customer202@mail.com,212,337,2025-02-14,2,Wallet,Completed,212,708,70.8,23.34,31.86,10,Product 337,Electronics,Eco,286,354,62,,,,,,
202,Customer 202,Male,32,Quetta,Pakistan,2024-12-27,customer202@mail.com,227,212,2025-08-19,3,Cash,Completed,227,675,0.0,480.25,33.75,17,Product 212,Clothing,Prime,48,225,70,46.0,220.0,2025-12-10,Changed Mind,439.81,Pending
202,Customer 202,Male,32,Quetta,Pakistan,2024-12-27,customer202@mail.com,227,212,2025-08-19,3,Cash,Completed,227,675,0.0,480.25,33.75,17,Product 212,Clothing,Prime,48,225,70,50.0,246.0,2025-06-20,Late Delivery,121.62,Pending
202,Customer 202,Male,32,Quetta,Pakistan,2024-12-27,customer202@mail.com,461,449,2025-10-20,4,Card,Completed,461,876,0.0,21.2,43.8,3,Product 449,Clothing,Max,202,219,409,225.0,904.0,2025-02-26,Changed Mind,112.63,Pending
203,Customer 203,Female,47,Lahore,Pakistan,2024-12-17,customer203@mail.com,107,208,2025-04-13,5,Cash,Completed,107,2880,288.0,227.4,129.6,5,Product 208,Books,Prime,446,576,315,,,,,,
203,Customer 203,Female,47,Lahore,Pakistan,2024-12-17,customer203@mail.com,413,225,2025-12-04,5,Cash,Completed,413,2630,0.0,471.5,131.5,7,Product 225,Books,Eco,404,526,291,,,,,,
203,Customer 203,Female,47,Lahore,Pakistan,2024-12-17,customer203@mail.com,614,112,2025-08-06,3,Wallet,Completed,614,1326,132.6,261.73,59.67,8,Product 112,Books,Eco,288,442,161,,,,,,
204,Customer 204,Male,34,Peshawar,Pakistan,2024-08-05,customer204@mail.com,75,187,2025-01-06,5,Card,Completed,75,2315,231.5,506.32,104.18,8,Product 187,Sports,Prime,293,463,417,,,,,,
204,Customer 204,Male,34,Peshawar,Pakistan,2024-08-05,customer204@mail.com,642,20,2025-05-09,1,Cash,Completed,642,201,20.1,44.86,9.04,7,Product 20,Home,Nova,120,201,363,,,,,,
204,Customer 204,Male,34,Peshawar,Pakistan,2024-08-05,customer204@mail.com,780,254,2025-09-20,5,Cash,Completed,780,3045,0.0,400.75,152.25,17,Product 254,Clothing,Nova,495,609,461,118.0,507.0,2025-11-27,Wrong Item,1862.95,Pending
204,Customer 204,Male,34,Peshawar,Pakistan,2024-08-05,customer204@mail.com,780,254,2025-09-20,5,Cash,Completed,780,3045,0.0,400.75,152.25,17,Product 254,Clothing,Nova,495,609,461,247.0,1000.0,2025-04-27,Wrong Item,1007.65,Pending
205,Customer 205,Male,52,Peshawar,Pakistan,2024-11-27,customer205@mail.com,932,496,2025-05-14,1,Bank,Completed,932,351,35.1,33.11,15.79,12,Product 496,Clothing,Nova,255,351,495,232.0,932.0,2025-05-14,Late Delivery,226.79,Approved
206,Customer 206,Male,35,Islamabad,Pakistan,2024-02-06,customer206@mail.com,691,372,2025-01-14,2,Cash,Completed,691,1322,132.2,145.31,59.49,11,Product 372,Sports,Max,487,661,61,,,,,,
207,Customer 207,Male,28,Quetta,Pakistan,2024-10-31,customer207@mail.com,316,433,2025-10-04,1,Card,Completed,316,321,0.0,41.95,16.05,15,Product 433,Home,Alpha,248,321,182,,,,,,
207,Customer 207,Male,28,Quetta,Pakistan,2024-10-31,customer207@mail.com,485,146,2025-03-03,2,Bank,Completed,485,958,47.9,76.59,45.51,16,Product 146,Electronics,Alpha,386,479,233,24.0,108.0,2025-10-26,Changed Mind,2233.22,Pending
207,Customer 207,Male,28,Quetta,Pakistan,2024-10-31,customer207@mail.com,485,146,2025-03-03,2,Bank,Completed,485,958,47.9,76.59,45.51,16,Product 146,Electronics,Alpha,386,479,233,161.0,670.0,2025-10-15,Wrong Item,1407.55,Approved
208,Customer 208,Female,46,Lahore,Pakistan,2024-08-27,customer208@mail.com,747,8,2025-04-08,5,Cash,Completed,747,1960,196.0,-210.2,88.2,16,Product 8,Books,Eco,374,392,97,35.0,160.0,2025-05-22,Changed Mind,388.04,Approved
209,Customer 209,Female,43,Quetta,Pakistan,2024-09-13,customer209@mail.com,559,34,2025-01-15,4,Wallet,Completed,559,1220,122.0,605.1,54.9,10,Product 34,Home,Prime,107,305,156,,,,,,
211,Customer 211,Male,45,Multan,Pakistan,2024-11-05,customer211@mail.com,366,297,2025-12-02,3,Bank,Completed,366,1431,71.55,-122.52,67.97,19,Product 297,Home,Eco,465,477,149,71.0,341.0,2025-08-03,Wrong Item,714.87,Approved
211,Customer 211,Male,45,Multan,Pakistan,2024-11-05,customer211@mail.com,439,164,2025-11-21,1,Card,Completed,439,84,4.2,27.81,3.99,11,Product 164,Sports,Prime,37,84,225,,,,,,
211,Customer 211,Male,45,Multan,Pakistan,2024-11-05,customer211@mail.com,920,439,2025-12-04,2,Card,Completed,920,738,36.9,110.05,35.05,18,Product 439,Electronics,Max,269,369,415,230.0,920.0,2025-12-04,Changed Mind,553.02,Pending
211,Customer 211,Male,45,Multan,Pakistan,2024-11-05,customer211@mail.com,936,237,2025-10-14,1,Cash,Completed,936,233,11.65,51.28,11.07,5,Product 237,Books,Prime,154,233,497,,,,,,
212,Customer 212,Female,19,Lahore,Pakistan,2024-04-27,customer212@mail.com,149,97,2025-04-04,1,Card,Completed,149,192,9.6,32.28,9.12,6,Product 97,Home,Alpha,135,192,482,188.0,791.0,2025-09-09,Wrong Item,502.38,Pending
213,Customer 213,Male,35,Karachi,Pakistan,2024-03-30,customer213@mail.com,246,212,2025-06-20,1,Bank,Completed,246,225,22.5,135.38,10.12,9,Product 212,Clothing,Prime,48,225,70,46.0,220.0,2025-12-10,Changed Mind,439.81,Pending
213,Customer 213,Male,35,Karachi,Pakistan,2024-03-30,customer213@mail.com,246,212,2025-06-20,1,Bank,Completed,246,225,22.5,135.38,10.12,9,Product 212,Clothing,Prime,48,225,70,50.0,246.0,2025-06-20,Late Delivery,121.62,Pending
213,Customer 213,Male,35,Karachi,Pakistan,2024-03-30,customer213@mail.com,384,412,2025-05-28,4,Card,Completed,384,1232,123.2,-114.64,55.44,16,Product 412,Sports,Max,288,308,224,23.0,102.0,2025-03-16,Late Delivery,175.06,Approved
213,Customer 213,Male,35,Karachi,Pakistan,2024-03-30,customer213@mail.com,385,72,2025-11-03,5,Cash,Completed,385,2815,0.0,360.25,140.75,9,Product 72,Sports,Eco,461,563,202,59.0,282.0,2025-10-12,Wrong Item,1068.34,Approved
213,Customer 213,Male,35,Karachi,Pakistan,2024-03-30,customer213@mail.com,436,206,2025-11-16,3,Wallet,Completed,436,1668,166.8,164.14,75.06,20,Product 206,Clothing,Prime,414,556,176,98.0,436.0,2025-11-16,Wrong Item,764.56,Pending
213,Customer 213,Male,35,Karachi,Pakistan,2024-03-30,customer213@mail.com,436,206,2025-11-16,3,Wallet,Completed,436,1668,166.8,164.14,75.06,20,Product 206,Clothing,Prime,414,556,176,206.0,838.0,2025-02-03,Damaged,1379.62,Pending
213,Customer 213,Male,35,Karachi,Pakistan,2024-03-30,customer213@mail.com,520,394,2025-05-06,1,Wallet,Completed,520,590,29.5,58.47,28.03,12,Product 394,Electronics,Eco,462,590,492,233.0,933.0,2025-05-09,Late Delivery,731.45,Pending
214,Customer 214,Female,51,Rawalpindi,Pakistan,2024-05-22,customer214@mail.com,540,422,2025-03-15,2,Card,Completed,540,790,39.5,117.98,37.52,17,Product 422,Books,Prime,289,395,448,124.0,540.0,2025-03-15,Damaged,639.62,Approved
215,Customer 215,Male,55,Faisalabad,Pakistan,2024-11-21,customer215@mail.com,526,206,2025-06-05,5,Bank,Completed,526,2780,139.0,435.95,132.05,3,Product 206,Clothing,Prime,414,556,176,98.0,436.0,2025-11-16,Wrong Item,764.56,Pending
215,Customer 215,Male,55,Faisalabad,Pakistan,2024-11-21,customer215@mail.com,526,206,2025-06-05,5,Bank,Completed,526,2780,139.0,435.95,132.05,3,Product 206,Clothing,Prime,414,556,176,206.0,838.0,2025-02-03,Damaged,1379.62,Pending
216,Customer 216,Female,23,Rawalpindi,Pakistan,2024-06-27,customer216@mail.com,887,62,2025-08-20,1,Card,Completed,887,322,32.2,-16.69,14.49,13,Product 62,Clothing,Prime,279,322,447,,,,,,
216,Customer 216,Female,23,Rawalpindi,Pakistan,2024-06-27,customer216@mail.com,959,473,2025-02-01,1,Bank,Completed,959,111,0.0,51.45,5.55,4,Product 473,Home,Nova,50,111,391,,,,,,
217,Customer 217,Female,39,Multan,Pakistan,2024-12-09,customer217@mail.com,488,47,2025-07-08,4,Card,Completed,488,624,31.2,351.16,29.64,16,Product 47,Electronics,Nova,49,156,81,112.0,488.0,2025-07-08,Changed Mind,448.55,Approved
217,Customer 217,Female,39,Multan,Pakistan,2024-12-09,customer217@mail.com,488,47,2025-07-08,4,Card,Completed,488,624,31.2,351.16,29.64,16,Product 47,Electronics,Nova,49,156,81,159.0,665.0,2025-10-31,Late Delivery,269.1,Approved
217,Customer 217,Female,39,Multan,Pakistan,2024-12-09,customer217@mail.com,506,296,2025-10-11,3,Cash,Completed,506,795,39.75,494.49,37.76,16,Product 296,Home,Alpha,69,265,404,,,,,,
217,Customer 217,Female,39,Multan,Pakistan,2024-12-09,customer217@mail.com,730,39,2025-05-11,5,Bank,Completed,730,1535,76.75,592.34,72.91,8,Product 39,Books,Alpha,157,307,485,203.0,829.0,2025-10-18,Damaged,574.23,Pending
217,Customer 217,Female,39,Multan,Pakistan,2024-12-09,customer217@mail.com,907,100,2025-04-07,3,Wallet,Completed,907,1524,0.0,389.8,76.2,11,Product 100,Books,Alpha,349,508,457,,,,,,
218,Customer 218,Male,28,Multan,Pakistan,2024-07-29,customer218@mail.com,55,428,2025-04-16,1,Wallet,Completed,55,372,37.2,34.06,16.74,5,Product 428,Sports,Prime,279,372,206,,,,,,
219,Customer 219,Female,36,Faisalabad,Pakistan,2024-10-08,customer219@mail.com,382,190,2025-07-10,4,Cash,Completed,382,2036,101.8,395.49,96.71,14,Product 190,Clothing,Eco,357,509,201,,,,,,
219,Customer 219,Female,36,Faisalabad,Pakistan,2024-10-08,customer219@mail.com,716,348,2025-01-29,2,Cash,Completed,716,1000,50.0,-29.5,47.5,18,Product 348,Electronics,Max,457,500,327,67.0,329.0,2025-06-16,Wrong Item,1652.78,Approved
219,Customer 219,Female,36,Faisalabad,Pakistan,2024-10-08,customer219@mail.com,716,348,2025-01-29,2,Cash,Completed,716,1000,50.0,-29.5,47.5,18,Product 348,Electronics,Max,457,500,327,90.0,419.0,2025-04-02,Damaged,364.94,Approved
219,Customer 219,Female,36,Faisalabad,Pakistan,2024-10-08,customer219@mail.com,716,348,2025-01-29,2,Cash,Completed,716,1000,50.0,-29.5,47.5,18,Product 348,Electronics,Max,457,500,327,170.0,716.0,2025-01-29,Late Delivery,499.92,Pending
219,Customer 219,Female,36,Faisalabad,Pakistan,2024-10-08,customer219@mail.com,767,10,2025-04-13,5,Cash,Completed,767,3020,0.0,729.0,151.0,15,Product 10,Clothing,Alpha,425,604,303,83.0,403.0,2025-08-09,Damaged,2005.02,Pending
220,Customer 220,Male,47,Lahore,Pakistan,2024-06-10,customer220@mail.com,609,326,2025-01-24,2,Card,Completed,609,620,62.0,46.1,27.9,12,Product 326,Clothing,Alpha,236,310,493,97.0,432.0,2025-10-02,Changed Mind,293.94,Approved
220,Customer 220,Male,47,Lahore,Pakistan,2024-06-10,customer220@mail.com,609,326,2025-01-24,2,Card,Completed,609,620,62.0,46.1,27.9,12,Product 326,Clothing,Alpha,236,310,493,127.0,546.0,2025-08-19,Changed Mind,1007.36,Pending
220,Customer 220,Male,47,Lahore,Pakistan,2024-06-10,customer220@mail.com,757,457,2025-10-02,2,Bank,Completed,757,650,0.0,114.5,32.5,17,Product 457,Books,Max,243,325,213,,,,,,
220,Customer 220,Male,47,Lahore,Pakistan,2024-06-10,customer220@mail.com,879,103,2025-06-30,5,Bank,Completed,879,2390,239.0,-311.55,107.55,5,Product 103,Clothing,Nova,470,478,389,39.0,201.0,2025-03-21,Wrong Item,1162.26,Pending
221,Customer 221,Female,38,Lahore,Pakistan,2024-07-25,customer221@mail.com,861,124,2025-07-20,5,Card,Completed,861,2125,212.5,541.88,95.62,15,Product 124,Sports,Alpha,252,425,13,166.0,698.0,2025-04-19,Damaged,762.46,Approved
221,Customer 221,Female,38,Lahore,Pakistan,2024-07-25,customer221@mail.com,861,124,2025-07-20,5,Card,Completed,861,2125,212.5,541.88,95.62,15,Product 124,Sports,Alpha,252,425,13,200.0,823.0,2025-02-13,Late Delivery,754.24,Approved
223,Customer 223,Male,30,Multan,Pakistan,2024-11-14,customer223@mail.com,962,417,2025-04-09,5,Cash,Completed,962,1320,132.0,795.6,59.4,3,Product 417,Sports,Nova,66,264,495,56.0,276.0,2025-07-14,Damaged,1139.28,Approved
225,Customer 225,Male,35,Islamabad,Pakistan,2024-05-27,customer225@mail.com,321,377,2025-03-13,2,Cash,Completed,321,1122,0.0,302.9,56.1,3,Product 377,Home,Nova,380,561,100,,,,,,
225,Customer 225,Male,35,Islamabad,Pakistan,2024-05-27,customer225@mail.com,758,83,2025-07-01,2,Wallet,Completed,758,1068,0.0,302.6,53.4,14,Product 83,Electronics,Nova,349,534,389,85.0,406.0,2025-11-10,Damaged,1896.13,Approved
225,Customer 225,Male,35,Islamabad,Pakistan,2024-05-27,customer225@mail.com,758,83,2025-07-01,2,Wallet,Completed,758,1068,0.0,302.6,53.4,14,Product 83,Electronics,Nova,349,534,389,99.0,440.0,2025-12-18,Wrong Item,906.99,Pending
225,Customer 225,Male,35,Islamabad,Pakistan,2024-05-27,customer225@mail.com,758,83,2025-07-01,2,Wallet,Completed,758,1068,0.0,302.6,53.4,14,Product 83,Electronics,Nova,349,534,389,217.0,871.0,2025-06-02,Late Delivery,717.06,Pending
226,Customer 226,Female,49,Lahore,Pakistan,2024-01-15,customer226@mail.com,906,140,2025-02-20,3,Cash,Completed,906,1062,106.2,-129.99,47.79,15,Product 140,Clothing,Prime,341,354,18,78.0,387.0,2025-03-31,Late Delivery,1167.53,Pending
227,Customer 227,Male,28,Quetta,Pakistan,2024-10-09,customer227@mail.com,235,41,2025-11-04,5,Cash,Completed,235,1480,0.0,101.0,74.0,20,Product 41,Books,Eco,257,296,149,,,,,,
227,Customer 227,Male,28,Quetta,Pakistan,2024-10-09,customer227@mail.com,714,357,2025-05-30,4,Card,Completed,714,1984,0.0,195.8,99.2,9,Product 357,Electronics,Eco,420,496,281,,,,,,
228,Customer 228,Male,53,Faisalabad,Pakistan,2024-02-17,customer228@mail.com,367,235,2025-10-18,3,Card,Completed,367,555,27.75,387.89,26.36,8,Product 235,Home,Max,35,185,153,149.0,634.0,2025-04-14,Wrong Item,388.29,Pending
229,Customer 229,Male,25,Rawalpindi,Pakistan,2024-03-01,customer229@mail.com,383,448,2025-02-14,5,Card,Completed,383,795,79.5,222.73,35.77,17,Product 448,Electronics,Prime,88,159,24,208.0,842.0,2025-08-03,Changed Mind,301.58,Pending
229,Customer 229,Male,25,Rawalpindi,Pakistan,2024-03-01,customer229@mail.com,878,217,2025-05-20,5,Bank,Completed,878,1100,110.0,484.5,49.5,6,Product 217,Home,Nova,90,220,105,,,,,,
231,Customer 231,Female,44,Rawalpindi,Pakistan,2024-08-29,customer231@mail.com,130,382,2025-05-14,3,Bank,Completed,130,327,16.35,143.12,15.53,20,Product 382,Home,Prime,44,109,95,219.0,876.0,2025-08-12,Late Delivery,367.78,Pending
233,Customer 233,Male,56,Islamabad,Pakistan,2024-02-05,customer233@mail.com,269,250,2025-02-03,1,Wallet,Completed,269,241,0.0,64.95,12.05,14,Product 250,Books,Max,150,241,76,,,,,,
233,Customer 233,Male,56,Islamabad,Pakistan,2024-02-05,customer233@mail.com,285,261,2025-10-10,4,Wallet,Completed,285,1796,89.8,526.89,85.31,14,Product 261,Sports,Alpha,270,449,14,60.0,285.0,2025-10-10,Damaged,1215.47,Pending
233,Customer 233,Male,56,Islamabad,Pakistan,2024-02-05,customer233@mail.com,670,146,2025-10-15,4,Wallet,Completed,670,1916,0.0,263.2,95.8,13,Product 146,Electronics,Alpha,386,479,233,24.0,108.0,2025-10-26,Changed Mind,2233.22,Pending
233,Customer 233,Male,56,Islamabad,Pakistan,2024-02-05,customer233@mail.com,670,146,2025-10-15,4,Wallet,Completed,670,1916,0.0,263.2,95.8,13,Product 146,Electronics,Alpha,386,479,233,161.0,670.0,2025-10-15,Wrong Item,1407.55,Approved
233,Customer 233,Male,56,Islamabad,Pakistan,2024-02-05,customer233@mail.com,839,20,2025-03-21,5,Wallet,Completed,839,1005,0.0,345.75,50.25,9,Product 20,Home,Nova,120,201,363,,,,,,
234,Customer 234,Female,44,Multan,Pakistan,2024-09-16,customer234@mail.com,327,313,2025-10-30,2,Cash,Completed,327,780,0.0,89.0,39.0,6,Product 313,Sports,Prime,323,390,312,181.0,766.0,2025-04-07,Wrong Item,404.96,Approved
234,Customer 234,Female,44,Multan,Pakistan,2024-09-16,customer234@mail.com,411,308,2025-12-18,3,Wallet,Completed,411,1317,0.0,445.15,65.85,20,Product 308,Electronics,Nova,262,439,124,207.0,840.0,2025-02-01,Damaged,1010.51,Pending
234,Customer 234,Female,44,Multan,Pakistan,2024-09-16,customer234@mail.com,541,243,2025-03-22,1,Bank,Completed,541,260,0.0,-5.0,13.0,16,Product 243,Electronics,Eco,236,260,273,125.0,541.0,2025-03-22,Late Delivery,178.05,Approved
234,Customer 234,Female,44,Multan,Pakistan,2024-09-16,customer234@mail.com,541,243,2025-03-22,1,Bank,Completed,541,260,0.0,-5.0,13.0,16,Product 243,Electronics,Eco,236,260,273,141.0,613.0,2025-10-25,Changed Mind,665.1,Approved
234,Customer 234,Female,44,Multan,Pakistan,2024-09-16,customer234@mail.com,914,73,2025-12-08,1,Wallet,Completed,914,225,11.25,144.06,10.69,13,Product 73,Books,Nova,46,225,344,228.0,914.0,2025-12-08,Damaged,211.01,Approved
235,Customer 235,Female,18,Quetta,Pakistan,2024-06-01,customer235@mail.com,29,338,2025-09-16,5,Card,Completed,29,2280,114.0,-25.3,108.3,3,Product 338,Electronics,Alpha,416,456,41,41.0,206.0,2025-02-25,Damaged,897.18,Pending
235,Customer 235,Female,18,Quetta,Pakistan,2024-06-01,customer235@mail.com,29,338,2025-09-16,5,Card,Completed,29,2280,114.0,-25.3,108.3,3,Product 338,Electronics,Alpha,416,456,41,128.0,551.0,2025-04-03,Changed Mind,1847.18,Approved
235,Customer 235,Female,18,Quetta,Pakistan,2024-06-01,customer235@mail.com,29,338,2025-09-16,5,Card,Completed,29,2280,114.0,-25.3,108.3,3,Product 338,Electronics,Alpha,416,456,41,212.0,859.0,2025-06-07,Damaged,1175.22,Approved
235,Customer 235,Female,18,Quetta,Pakistan,2024-06-01,customer235@mail.com,208,288,2025-01-21,1,Card,Completed,208,180,18.0,96.9,8.1,12,Product 288,Clothing,Nova,45,180,284,110.0,477.0,2025-08-23,Late Delivery,393.69,Approved
235,Customer 235,Female,18,Quetta,Pakistan,2024-06-01,customer235@mail.com,208,288,2025-01-21,1,Card,Completed,208,180,18.0,96.9,8.1,12,Product 288,Clothing,Nova,45,180,284,186.0,781.0,2025-07-25,Damaged,565.88,Pending
235,Customer 235,Female,18,Quetta,Pakistan,2024-06-01,customer235@mail.com,919,7,2025-06-04,3,Bank,Completed,919,936,93.6,362.28,42.12,18,Product 7,Books,Max,140,312,126,229.0,919.0,2025-06-04,Damaged,710.05,Approved
236,Customer 236,Female,27,Rawalpindi,Pakistan,2024-10-02,customer236@mail.com,400,470,2025-03-01,1,Card,Completed,400,485,0.0,5.75,24.25,18,Product 470,Books,Nova,437,485,160,19.0,78.0,2025-01-24,Late Delivery,1718.45,Pending
237,Customer 237,Female,40,Multan,Pakistan,2024-10-09,customer237@mail.com,70,229,2025-06-06,3,Wallet,Completed,70,759,75.9,-23.06,34.16,6,Product 229,Clothing,Prime,222,253,457,17.0,70.0,2025-06-06,Late Delivery,548.74,Approved
237,Customer 237,Female,40,Multan,Pakistan,2024-10-09,customer237@mail.com,70,229,2025-06-06,3,Wallet,Completed,70,759,75.9,-23.06,34.16,6,Product 229,Clothing,Prime,222,253,457,63.0,306.0,2025-04-23,Damaged,583.83,Approved
237,Customer 237,Female,40,Multan,Pakistan,2024-10-09,customer237@mail.com,904,449,2025-02-26,1,Card,Completed,904,219,0.0,-10.95,10.95,17,Product 449,Clothing,Max,202,219,409,225.0,904.0,2025-02-26,Changed Mind,112.63,Pending
238,Customer 238,Female,47,Multan,Pakistan,2024-04-06,customer238@mail.com,353,396,2025-12-27,2,Wallet,Completed,353,124,0.0,39.8,6.2,14,Product 396,Home,Nova,32,62,107,152.0,649.0,2025-04-14,Damaged,119.69,Approved
238,Customer 238,Female,47,Multan,Pakistan,2024-04-06,customer238@mail.com,441,249,2025-08-12,5,Wallet,Completed,441,1220,122.0,474.1,54.9,4,Product 249,Home,Prime,113,244,434,100.0,441.0,2025-08-12,Damaged,698.72,Pending
238,Customer 238,Female,47,Multan,Pakistan,2024-04-06,customer238@mail.com,590,408,2025-11-14,4,Cash,Completed,590,1024,51.2,365.16,48.64,3,Product 408,Sports,Prime,139,256,125,168.0,705.0,2025-09-24,Late Delivery,474.2,Approved
238,Customer 238,Female,47,Multan,Pakistan,2024-04-06,customer238@mail.com,590,408,2025-11-14,4,Cash,Completed,590,1024,51.2,365.16,48.64,3,Product 408,Sports,Prime,139,256,125,202.0,826.0,2025-09-02,Damaged,711.65,Approved
239,Customer 239,Male,54,Faisalabad,Pakistan,2024-04-29,customer239@mail.com,205,336,2025-02-04,1,Wallet,Completed,205,600,60.0,10.0,27.0,11,Product 336,Sports,Max,492,600,393,144.0,622.0,2025-08-30,Changed Mind,498.5,Approved
239,Customer 239,Male,54,Faisalabad,Pakistan,2024-04-29,customer239@mail.com,357,317,2025-07-07,1,Bank,Completed,357,566,0.0,124.7,28.3,20,Product 317,Sports,Prime,393,566,63,222.0,892.0,2025-01-15,Changed Mind,564.17,Approved
240,Customer 240,Female,20,Multan,Pakistan,2024-08-30,customer240@mail.com,175,411,2025-07-04,1,Wallet,Completed,175,324,16.2,107.41,15.39,4,Product 411,Sports,Max,181,324,126,3.0,10.0,2025-08-07,Wrong Item,553.26,Pending
240,Customer 240,Female,20,Multan,Pakistan,2024-08-30,customer240@mail.com,309,339,2025-11-24,1,Wallet,Completed,309,491,24.55,-2.87,23.32,16,Product 339,Clothing,Nova,430,491,431,,,,,,
240,Customer 240,Female,20,Multan,Pakistan,2024-08-30,customer240@mail.com,598,308,2025-10-24,3,Bank,Completed,598,1317,131.7,328.03,59.27,12,Product 308,Electronics,Nova,262,439,124,207.0,840.0,2025-02-01,Damaged,1010.51,Pending
240,Customer 240,Female,20,Multan,Pakistan,2024-08-30,customer240@mail.com,617,222,2025-07-08,4,Wallet,Completed,617,2212,110.6,245.33,105.07,11,Product 222,Sports,Nova,435,553,52,,,,,,
240,Customer 240,Female,20,Multan,Pakistan,2024-08-30,customer240@mail.com,876,382,2025-08-12,4,Wallet,Completed,876,436,0.0,227.2,21.8,11,Product 382,Home,Prime,44,109,95,219.0,876.0,2025-08-12,Late Delivery,367.78,Pending
240,Customer 240,Female,20,Multan,Pakistan,2024-08-30,customer240@mail.com,952,452,2025-05-22,4,Cash,Completed,952,2504,0.0,576.8,125.2,14,Product 452,Electronics,Eco,447,626,476,,,,,,
241,Customer 241,Female,42,Islamabad,Pakistan,2024-09-10,customer241@mail.com,20,437,2025-03-26,4,Cash,Completed,20,1956,97.8,240.29,92.91,13,Product 437,Books,Alpha,378,489,106,4.0,20.0,2025-03-26,Damaged,1830.46,Approved
241,Customer 241,Female,42,Islamabad,Pakistan,2024-09-10,customer241@mail.com,20,437,2025-03-26,4,Cash,Completed,20,1956,97.8,240.29,92.91,13,Product 437,Books,Alpha,378,489,106,8.0,28.0,2025-04-21,Damaged,1383.35,Pending
241,Customer 241,Female,42,Islamabad,Pakistan,2024-09-10,customer241@mail.com,20,437,2025-03-26,4,Cash,Completed,20,1956,97.8,240.29,92.91,13,Product 437,Books,Alpha,378,489,106,45.0,219.0,2025-09-09,Damaged,1009.52,Pending
241,Customer 241,Female,42,Islamabad,Pakistan,2024-09-10,customer241@mail.com,78,470,2025-01-24,4,Cash,Completed,78,1940,194.0,-102.3,87.3,13,Product 470,Books,Nova,437,485,160,19.0,78.0,2025-01-24,Late Delivery,1718.45,Pending
241,Customer 241,Female,42,Islamabad,Pakistan,2024-09-10,customer241@mail.com,291,294,2025-08-04,3,Bank,Completed,291,1056,52.8,164.04,50.16,12,Product 294,Books,Max,259,352,410,25.0,116.0,2025-04-04,Late Delivery,623.02,Approved
241,Customer 241,Female,42,Islamabad,Pakistan,2024-09-10,customer241@mail.com,291,294,2025-08-04,3,Bank,Completed,291,1056,52.8,164.04,50.16,12,Product 294,Books,Max,259,352,410,61.0,291.0,2025-08-04,Late Delivery,850.24,Pending
241,Customer 241,Female,42,Islamabad,Pakistan,2024-09-10,customer241@mail.com,360,364,2025-12-14,5,Bank,Completed,360,1130,56.5,620.82,53.68,14,Product 364,Clothing,Eco,77,226,287,76.0,358.0,2025-03-12,Wrong Item,334.14,Approved
243,Customer 243,Female,24,Rawalpindi,Pakistan,2024-01-08,customer243@mail.com,3,360,2025-04-16,2,Cash,Completed,3,1230,61.5,250.07,58.43,16,Product 360,Electronics,Nova,422,615,304,,,,,,
243,Customer 243,Female,24,Rawalpindi,Pakistan,2024-01-08,customer243@mail.com,832,132,2025-11-29,4,Card,Completed,832,1692,0.0,145.4,84.6,18,Product 132,Home,Alpha,361,423,344,204.0,832.0,2025-11-29,Changed Mind,1572.72,Pending
244,Customer 244,Male,44,Islamabad,Pakistan,2024-02-08,customer244@mail.com,282,72,2025-10-12,2,Wallet,Completed,282,1126,56.3,78.21,53.49,16,Product 72,Sports,Eco,461,563,202,59.0,282.0,2025-10-12,Wrong Item,1068.34,Approved
245,Customer 245,Female,34,Multan,Pakistan,2024-11-15,customer245@mail.com,820,161,2025-07-14,4,Card,Completed,820,916,0.0,44.2,45.8,14,Product 161,Books,Nova,203,229,302,,,,,,
247,Customer 247,Female,38,Rawalpindi,Pakistan,2024-10-04,customer247@mail.com,196,287,2025-09-07,2,Wallet,Completed,196,728,72.8,-26.56,32.76,9,Product 287,Home,Alpha,320,364,168,,,,,,
247,Customer 247,Female,38,Rawalpindi,Pakistan,2024-10-04,customer247@mail.com,564,140,2025-05-09,5,Wallet,Completed,564,1770,88.5,-116.58,84.08,9,Product 140,Clothing,Prime,341,354,18,78.0,387.0,2025-03-31,Late Delivery,1167.53,Pending
249,Customer 249,Female,32,Lahore,Pakistan,2024-08-10,customer249@mail.com,207,444,2025-09-30,5,Cash,Completed,207,1580,0.0,527.0,79.0,9,Product 444,Books,Eco,193,316,335,218.0,874.0,2025-02-28,Wrong Item,513.55,Pending
249,Customer 249,Female,32,Lahore,Pakistan,2024-08-10,customer249@mail.com,343,28,2025-03-16,4,Card,Completed,343,736,73.6,36.28,33.12,17,Product 28,Electronics,Max,144,184,389,72.0,343.0,2025-03-16,Changed Mind,454.9,Approved
249,Customer 249,Female,32,Lahore,Pakistan,2024-08-10,customer249@mail.com,443,401,2025-01-29,1,Cash,Completed,443,250,12.5,-9.38,11.88,12,Product 401,Home,Max,223,250,255,120.0,517.0,2025-10-15,Wrong Item,125.78,Pending
249,Customer 249,Female,32,Lahore,Pakistan,2024-08-10,customer249@mail.com,764,43,2025-05-07,4,Card,Completed,764,1636,163.6,423.78,73.62,19,Product 43,Home,Nova,239,409,17,180.0,764.0,2025-05-07,Damaged,943.17,Pending
249,Customer 249,Female,32,Lahore,Pakistan,2024-08-10,customer249@mail.com,764,43,2025-05-07,4,Card,Completed,764,1636,163.6,423.78,73.62,19,Product 43,Home,Nova,239,409,17,194.0,809.0,2025-08-04,Damaged,922.89,Pending
251,Customer 251,Male,37,Karachi,Pakistan,2024-01-24,customer251@mail.com,166,98,2025-04-06,5,Bank,Completed,166,1670,83.5,315.17,79.33,17,Product 98,Electronics,Max,235,334,380,,,,,,
251,Customer 251,Male,37,Karachi,Pakistan,2024-01-24,customer251@mail.com,326,335,2025-08-30,1,Cash,Completed,326,432,0.0,52.4,21.6,7,Product 335,Home,Nova,351,432,25,66.0,326.0,2025-08-30,Late Delivery,352.65,Approved
251,Customer 251,Male,37,Karachi,Pakistan,2024-01-24,customer251@mail.com,347,442,2025-10-30,2,Wallet,Completed,347,318,15.9,69.99,15.11,11,Product 442,Electronics,Nova,103,159,26,74.0,347.0,2025-10-30,Wrong Item,215.72,Approved
251,Customer 251,Male,37,Karachi,Pakistan,2024-01-24,customer251@mail.com,347,442,2025-10-30,2,Wallet,Completed,347,318,15.9,69.99,15.11,11,Product 442,Electronics,Nova,103,159,26,244.0,989.0,2025-07-16,Changed Mind,376.65,Approved
252,Customer 252,Female,21,Quetta,Pakistan,2024-07-02,customer252@mail.com,312,476,2025-11-09,2,Wallet,Completed,312,380,0.0,213.0,19.0,18,Product 476,Electronics,Max,65,190,307,64.0,312.0,2025-11-09,Changed Mind,292.72,Approved
252,Customer 252,Female,21,Quetta,Pakistan,2024-07-02,customer252@mail.com,421,259,2025-10-05,3,Bank,Completed,421,708,70.8,432.34,31.86,20,Product 259,Electronics,Alpha,51,236,119,86.0,408.0,2025-07-07,Changed Mind,607.5,Pending
252,Customer 252,Female,21,Quetta,Pakistan,2024-07-02,customer252@mail.com,421,259,2025-10-05,3,Bank,Completed,421,708,70.8,432.34,31.86,20,Product 259,Electronics,Alpha,51,236,119,91.0,421.0,2025-10-05,Changed Mind,562.0,Approved
252,Customer 252,Female,21,Quetta,Pakistan,2024-07-02,customer252@mail.com,423,221,2025-06-09,2,Wallet,Completed,423,734,36.7,140.43,34.87,6,Product 221,Sports,Eco,258,367,373,162.0,683.0,2025-04-01,Damaged,433.79,Pending
252,Customer 252,Female,21,Quetta,Pakistan,2024-07-02,customer252@mail.com,424,338,2025-12-17,5,Wallet,Completed,424,2280,114.0,-42.3,108.3,20,Product 338,Electronics,Alpha,416,456,41,41.0,206.0,2025-02-25,Damaged,897.18,Pending
252,Customer 252,Female,21,Quetta,Pakistan,2024-07-02,customer252@mail.com,424,338,2025-12-17,5,Wallet,Completed,424,2280,114.0,-42.3,108.3,20,Product 338,Electronics,Alpha,416,456,41,128.0,551.0,2025-04-03,Changed Mind,1847.18,Approved
252,Customer 252,Female,21,Quetta,Pakistan,2024-07-02,customer252@mail.com,424,338,2025-12-17,5,Wallet,Completed,424,2280,114.0,-42.3,108.3,20,Product 338,Electronics,Alpha,416,456,41,212.0,859.0,2025-06-07,Damaged,1175.22,Approved
253,Customer 253,Female,45,Islamabad,Pakistan,2024-05-05,customer253@mail.com,908,266,2025-02-25,4,Cash,Completed,908,2472,247.2,419.56,111.24,10,Product 266,Clothing,Nova,421,618,45,,,,,,
253,Customer 253,Female,45,Islamabad,Pakistan,2024-05-05,customer253@mail.com,949,189,2025-07-20,3,Wallet,Completed,949,759,75.9,288.94,34.16,6,Product 189,Books,Max,118,253,307,,,,,,
254,Customer 254,Female,54,Islamabad,Pakistan,2024-03-28,customer254@mail.com,613,243,2025-10-25,3,Wallet,Completed,613,780,78.0,-45.1,35.1,4,Product 243,Electronics,Eco,236,260,273,125.0,541.0,2025-03-22,Late Delivery,178.05,Approved
254,Customer 254,Female,54,Islamabad,Pakistan,2024-03-28,customer254@mail.com,613,243,2025-10-25,3,Wallet,Completed,613,780,78.0,-45.1,35.1,4,Product 243,Electronics,Eco,236,260,273,141.0,613.0,2025-10-25,Changed Mind,665.1,Approved
255,Customer 255,Male,23,Faisalabad,Pakistan,2024-11-13,customer255@mail.com,363,78,2025-09-24,2,Cash,Completed,363,524,26.2,58.91,24.89,16,Product 78,Clothing,Eco,199,262,187,,,,,,
255,Customer 255,Male,23,Faisalabad,Pakistan,2024-11-13,customer255@mail.com,432,326,2025-10-02,1,Card,Completed,432,310,15.5,32.77,14.73,11,Product 326,Clothing,Alpha,236,310,493,97.0,432.0,2025-10-02,Changed Mind,293.94,Approved
255,Customer 255,Male,23,Faisalabad,Pakistan,2024-11-13,customer255@mail.com,432,326,2025-10-02,1,Card,Completed,432,310,15.5,32.77,14.73,11,Product 326,Clothing,Alpha,236,310,493,127.0,546.0,2025-08-19,Changed Mind,1007.36,Pending
255,Customer 255,Male,23,Faisalabad,Pakistan,2024-11-13,customer255@mail.com,445,453,2025-05-02,1,Cash,Completed,445,242,12.1,133.4,11.5,13,Product 453,Clothing,Max,72,242,420,,,,,,
256,Customer 256,Male,49,Islamabad,Pakistan,2024-04-28,customer256@mail.com,419,348,2025-04-02,1,Wallet,Completed,419,500,50.0,-42.5,22.5,13,Product 348,Electronics,Max,457,500,327,67.0,329.0,2025-06-16,Wrong Item,1652.78,Approved
256,Customer 256,Male,49,Islamabad,Pakistan,2024-04-28,customer256@mail.com,419,348,2025-04-02,1,Wallet,Completed,419,500,50.0,-42.5,22.5,13,Product 348,Electronics,Max,457,500,327,90.0,419.0,2025-04-02,Damaged,364.94,Approved
256,Customer 256,Male,49,Islamabad,Pakistan,2024-04-28,customer256@mail.com,419,348,2025-04-02,1,Wallet,Completed,419,500,50.0,-42.5,22.5,13,Product 348,Electronics,Max,457,500,327,170.0,716.0,2025-01-29,Late Delivery,499.92,Pending
256,Customer 256,Male,49,Islamabad,Pakistan,2024-04-28,customer256@mail.com,803,339,2025-05-16,3,Cash,Completed,803,1473,0.0,102.35,73.65,7,Product 339,Clothing,Nova,430,491,431,,,,,,
256,Customer 256,Male,49,Islamabad,Pakistan,2024-04-28,customer256@mail.com,967,119,2025-11-04,1,Bank,Completed,967,515,0.0,-15.75,25.75,10,Product 119,Books,Alpha,495,515,439,2.0,9.0,2025-06-01,Damaged,1149.45,Pending
257,Customer 257,Female,58,Quetta,Pakistan,2024-08-23,customer257@mail.com,619,263,2025-11-26,5,Cash,Completed,619,995,49.75,527.99,47.26,10,Product 263,Electronics,Nova,72,199,206,142.0,619.0,2025-11-26,Damaged,506.35,Approved
258,Customer 258,Female,60,Karachi,Pakistan,2024-08-26,customer258@mail.com,110,151,2025-03-01,3,Bank,Completed,110,1521,152.1,230.45,68.45,11,Product 151,Sports,Alpha,353,507,405,117.0,503.0,2025-07-20,Changed Mind,2224.78,Pending
258,Customer 258,Female,60,Karachi,Pakistan,2024-08-26,customer258@mail.com,766,313,2025-04-07,2,Card,Completed,766,780,0.0,89.0,39.0,6,Product 313,Sports,Prime,323,390,312,181.0,766.0,2025-04-07,Wrong Item,404.96,Approved
258,Customer 258,Female,60,Karachi,Pakistan,2024-08-26,customer258@mail.com,782,363,2025-05-13,5,Bank,Completed,782,1595,0.0,-31.75,79.75,12,Product 363,Home,Max,307,319,298,,,,,,
258,Customer 258,Female,60,Karachi,Pakistan,2024-08-26,customer258@mail.com,856,298,2025-12-08,1,Bank,Completed,856,294,14.7,-16.67,13.97,9,Product 298,Home,Max,273,294,331,211.0,856.0,2025-12-08,Changed Mind,203.14,Approved
259,Customer 259,Female,52,Islamabad,Pakistan,2024-02-07,customer259@mail.com,546,326,2025-08-19,4,Wallet,Completed,546,1240,0.0,221.0,62.0,13,Product 326,Clothing,Alpha,236,310,493,97.0,432.0,2025-10-02,Changed Mind,293.94,Approved
259,Customer 259,Female,52,Islamabad,Pakistan,2024-02-07,customer259@mail.com,546,326,2025-08-19,4,Wallet,Completed,546,1240,0.0,221.0,62.0,13,Product 326,Clothing,Alpha,236,310,493,127.0,546.0,2025-08-19,Changed Mind,1007.36,Pending
260,Customer 260,Female,40,Quetta,Pakistan,2024-11-23,customer260@mail.com,425,29,2025-05-15,4,Wallet,Completed,425,1484,148.4,33.82,66.78,15,Product 29,Clothing,Alpha,305,371,352,,,,,,
262,Customer 262,Male,42,Rawalpindi,Pakistan,2024-02-24,customer262@mail.com,133,250,2025-02-10,4,Wallet,Completed,133,964,96.4,212.22,43.38,12,Product 250,Books,Max,150,241,76,,,,,,
262,Customer 262,Male,42,Rawalpindi,Pakistan,2024-02-24,customer262@mail.com,279,207,2025-05-31,2,Cash,Completed,279,454,22.7,179.73,21.57,20,Product 207,Electronics,Prime,105,227,353,213.0,863.0,2025-09-22,Damaged,582.63,Pending
262,Customer 262,Male,42,Rawalpindi,Pakistan,2024-02-24,customer262@mail.com,279,207,2025-05-31,2,Cash,Completed,279,454,22.7,179.73,21.57,20,Product 207,Electronics,Prime,105,227,353,236.0,957.0,2025-01-24,Changed Mind,170.11,Pending
262,Customer 262,Male,42,Rawalpindi,Pakistan,2024-02-24,customer262@mail.com,565,145,2025-03-24,1,Cash,Completed,565,585,29.25,131.96,27.79,5,Product 145,Clothing,Alpha,391,585,266,106.0,466.0,2025-08-03,Wrong Item,1098.23,Pending
262,Customer 262,Male,42,Rawalpindi,Pakistan,2024-02-24,customer262@mail.com,658,328,2025-09-15,2,Cash,Completed,658,212,0.0,80.4,10.6,3,Product 328,Sports,Eco,59,106,170,,,,,,
262,Customer 262,Male,42,Rawalpindi,Pakistan,2024-02-24,customer262@mail.com,798,454,2025-03-14,4,Cash,Completed,798,284,0.0,230.8,14.2,3,Product 454,Home,Max,9,71,422,192.0,798.0,2025-03-14,Late Delivery,196.72,Pending
263,Customer 263,Male,42,Multan,Pakistan,2024-10-21,customer263@mail.com,487,103,2025-08-17,4,Wallet,Completed,487,1912,95.6,-165.42,90.82,11,Product 103,Clothing,Nova,470,478,389,39.0,201.0,2025-03-21,Wrong Item,1162.26,Pending
263,Customer 263,Male,42,Multan,Pakistan,2024-10-21,customer263@mail.com,492,56,2025-08-06,5,Wallet,Completed,492,2165,0.0,854.75,108.25,17,Product 56,Books,Prime,237,433,222,,,,,,
263,Customer 263,Male,42,Multan,Pakistan,2024-10-21,customer263@mail.com,505,303,2025-12-14,5,Wallet,Completed,505,175,0.0,27.25,8.75,4,Product 303,Clothing,Alpha,27,35,251,21.0,89.0,2025-04-28,Changed Mind,19.99,Approved
263,Customer 263,Male,42,Multan,Pakistan,2024-10-21,customer263@mail.com,505,303,2025-12-14,5,Wallet,Completed,505,175,0.0,27.25,8.75,4,Product 303,Clothing,Alpha,27,35,251,37.0,174.0,2025-01-26,Changed Mind,100.85,Approved
263,Customer 263,Male,42,Multan,Pakistan,2024-10-21,customer263@mail.com,903,104,2025-04-07,4,Cash,Completed,903,1044,52.2,666.21,49.59,16,Product 104,Sports,Nova,65,261,366,26.0,117.0,2025-11-13,Changed Mind,281.49,Approved
263,Customer 263,Male,42,Multan,Pakistan,2024-10-21,customer263@mail.com,903,104,2025-04-07,4,Cash,Completed,903,1044,52.2,666.21,49.59,16,Product 104,Sports,Nova,65,261,366,224.0,903.0,2025-04-07,Damaged,648.21,Approved
264,Customer 264,Female,36,Karachi,Pakistan,2024-12-03,customer264@mail.com,750,181,2025-08-05,1,Wallet,Completed,750,271,13.55,153.58,12.87,8,Product 181,Sports,Eco,83,271,47,77.0,359.0,2025-09-15,Changed Mind,519.49,Approved
265,Customer 265,Female,35,Karachi,Pakistan,2024-10-16,customer265@mail.com,224,392,2025-04-08,1,Bank,Completed,224,560,28.0,31.4,26.6,15,Product 392,Clothing,Alpha,459,560,290,,,,,,
265,Customer 265,Female,35,Karachi,Pakistan,2024-10-16,customer265@mail.com,623,301,2025-08-28,5,Wallet,Completed,623,775,38.75,269.44,36.81,5,Product 301,Electronics,Max,85,155,355,,,,,,
266,Customer 266,Male,56,Rawalpindi,Pakistan,2024-05-26,customer266@mail.com,612,238,2025-06-14,2,Bank,Completed,612,1160,116.0,85.8,52.2,18,Product 238,Electronics,Nova,444,580,394,,,,,,
267,Customer 267,Male,56,Multan,Pakistan,2024-04-22,customer267@mail.com,48,35,2025-03-23,5,Wallet,Completed,48,1775,177.5,-177.38,79.88,20,Product 35,Electronics,Max,335,355,128,238.0,966.0,2025-08-07,Damaged,1077.25,Approved
267,Customer 267,Male,56,Multan,Pakistan,2024-04-22,customer267@mail.com,95,4,2025-12-02,4,Card,Completed,95,1496,149.6,94.08,67.32,13,Product 4,Sports,Alpha,293,374,198,,,,,,
267,Customer 267,Male,56,Multan,Pakistan,2024-04-22,customer267@mail.com,410,70,2025-07-04,4,Bank,Completed,410,228,22.8,50.94,10.26,4,Product 70,Sports,Alpha,35,57,156,87.0,410.0,2025-07-04,Changed Mind,153.25,Pending
267,Customer 267,Male,56,Multan,Pakistan,2024-04-22,customer267@mail.com,586,407,2025-02-07,2,Wallet,Completed,586,598,0.0,151.1,29.9,17,Product 407,Clothing,Eco,200,299,32,,,,,,
268,Customer 268,Male,57,Quetta,Pakistan,2024-12-13,customer268@mail.com,335,231,2025-05-03,4,Card,Completed,335,1800,180.0,-157.0,81.0,4,Product 231,Sports,Alpha,423,450,407,92.0,422.0,2025-07-12,Late Delivery,998.21,Approved
268,Customer 268,Male,57,Quetta,Pakistan,2024-12-13,customer268@mail.com,491,219,2025-10-19,3,Cash,Completed,491,585,58.5,-68.83,26.33,5,Product 219,Sports,Nova,188,195,109,,,,,,
268,Customer 268,Male,57,Quetta,Pakistan,2024-12-13,customer268@mail.com,542,79,2025-07-10,1,Bank,Completed,542,159,7.95,47.5,7.55,12,Product 79,Clothing,Alpha,84,159,26,42.0,213.0,2025-06-09,Wrong Item,499.21,Approved
268,Customer 268,Male,57,Quetta,Pakistan,2024-12-13,customer268@mail.com,727,467,2025-11-07,3,Card,Completed,727,531,53.1,379.01,23.89,6,Product 467,Books,Nova,23,177,185,80.0,399.0,2025-02-22,Damaged,210.35,Pending
268,Customer 268,Male,57,Quetta,Pakistan,2024-12-13,customer268@mail.com,727,467,2025-11-07,3,Card,Completed,727,531,53.1,379.01,23.89,6,Product 467,Books,Nova,23,177,185,242.0,986.0,2025-09-24,Wrong Item,230.77,Approved
269,Customer 269,Male,58,Lahore,Pakistan,2024-11-17,customer269@mail.com,917,258,2025-03-17,2,Cash,Completed,917,816,0.0,113.2,40.8,12,Product 258,Clothing,Eco,325,408,345,235.0,953.0,2025-06-28,Late Delivery,422.8,Pending
270,Customer 270,Male,37,Rawalpindi,Pakistan,2024-01-18,customer270@mail.com,956,133,2025-12-24,2,Bank,Completed,956,1230,123.0,149.65,55.35,14,Product 133,Electronics,Alpha,444,615,217,163.0,685.0,2025-08-14,Damaged,1201.88,Pending
273,Customer 273,Male,52,Multan,Pakistan,2024-09-28,customer273@mail.com,647,111,2025-12-23,4,Cash,Completed,647,1416,141.6,19.68,63.72,19,Product 111,Clothing,Alpha,293,354,143,,,,,,
274,Customer 274,Female,28,Quetta,Pakistan,2024-09-03,customer274@mail.com,1,320,2025-11-01,1,Cash,Completed,1,91,9.1,44.8,4.1,6,Product 320,Books,Eco,27,91,368,,,,,,
274,Customer 274,Female,28,Quetta,Pakistan,2024-09-03,customer274@mail.com,61,113,2025-07-20,2,Bank,Completed,61,276,27.6,62.98,12.42,7,Product 113,Home,Nova,83,138,204,18.0,77.0,2025-04-29,Late Delivery,437.5,Pending
275,Customer 275,Female,39,Lahore,Pakistan,2024-08-27,customer275@mail.com,844,353,2025-12-23,2,Wallet,Completed,844,232,11.6,166.38,11.02,15,Product 353,Home,Eco,14,116,288,156.0,657.0,2025-12-08,Changed Mind,332.71,Pending
275,Customer 275,Female,39,Lahore,Pakistan,2024-08-27,customer275@mail.com,867,431,2025-07-13,2,Bank,Completed,867,962,96.2,176.51,43.29,4,Product 431,Sports,Alpha,321,481,212,,,,,,
276,Customer 276,Male,27,Peshawar,Pakistan,2024-12-12,customer276@mail.com,723,366,2025-04-17,1,Cash,Completed,723,97,0.0,51.15,4.85,8,Product 366,Books,Nova,33,97,20,173.0,723.0,2025-04-17,Late Delivery,70.19,Approved
277,Customer 277,Female,53,Multan,Pakistan,2024-02-16,customer277@mail.com,121,17,2025-06-27,5,Wallet,Completed,121,1845,184.5,184.47,83.03,8,Product 17,Books,Prime,277,369,356,,,,,,
277,Customer 277,Female,53,Multan,Pakistan,2024-02-16,customer277@mail.com,532,304,2025-05-04,3,Bank,Completed,532,882,88.2,165.11,39.69,16,Product 304,Clothing,Nova,191,294,486,,,,,,
277,Customer 277,Female,53,Multan,Pakistan,2024-02-16,customer277@mail.com,698,124,2025-04-19,2,Card,Completed,698,850,85.0,217.75,38.25,5,Product 124,Sports,Alpha,252,425,13,166.0,698.0,2025-04-19,Damaged,762.46,Approved
277,Customer 277,Female,53,Multan,Pakistan,2024-02-16,customer277@mail.com,698,124,2025-04-19,2,Card,Completed,698,850,85.0,217.75,38.25,5,Product 124,Sports,Alpha,252,425,13,200.0,823.0,2025-02-13,Late Delivery,754.24,Approved
278,Customer 278,Female,18,Quetta,Pakistan,2024-10-01,customer278@mail.com,364,478,2025-08-31,2,Bank,Completed,364,474,23.7,202.78,22.52,17,Product 478,Electronics,Eco,104,237,281,,,,,,
278,Customer 278,Female,18,Quetta,Pakistan,2024-10-01,customer278@mail.com,985,258,2025-01-28,1,Bank,Completed,985,408,20.4,25.22,19.38,18,Product 258,Clothing,Eco,325,408,345,235.0,953.0,2025-06-28,Late Delivery,422.8,Pending
280,Customer 280,Female,55,Faisalabad,Pakistan,2024-11-22,customer280@mail.com,849,397,2025-11-04,2,Wallet,Completed,849,794,0.0,312.3,39.7,14,Product 397,Books,Max,214,397,145,209.0,849.0,2025-11-04,Damaged,472.89,Pending
280,Customer 280,Female,55,Faisalabad,Pakistan,2024-11-22,customer280@mail.com,934,94,2025-08-12,4,Cash,Completed,934,760,0.0,191.0,38.0,19,Product 94,Home,Nova,128,190,422,126.0,544.0,2025-01-02,Changed Mind,357.28,Pending
280,Customer 280,Female,55,Faisalabad,Pakistan,2024-11-22,customer280@mail.com,946,134,2025-12-15,5,Wallet,Completed,946,1500,150.0,281.5,67.5,6,Product 134,Books,Eco,199,300,38,,,,,,
280,Customer 280,Female,55,Faisalabad,Pakistan,2024-11-22,customer280@mail.com,948,103,2025-09-03,4,Bank,Completed,948,1912,95.6,-160.42,90.82,6,Product 103,Clothing,Nova,470,478,389,39.0,201.0,2025-03-21,Wrong Item,1162.26,Pending
282,Customer 282,Male,57,Multan,Pakistan,2024-11-08,customer282@mail.com,21,330,2025-07-26,4,Card,Completed,21,924,0.0,416.8,46.2,17,Product 330,Home,Eco,111,231,145,65.0,313.0,2025-08-15,Late Delivery,181.49,Pending
282,Customer 282,Male,57,Multan,Pakistan,2024-11-08,customer282@mail.com,21,330,2025-07-26,4,Card,Completed,21,924,0.0,416.8,46.2,17,Product 330,Home,Eco,111,231,145,177.0,753.0,2025-01-19,Changed Mind,522.81,Pending
282,Customer 282,Male,57,Multan,Pakistan,2024-11-08,customer282@mail.com,108,146,2025-10-26,5,Bank,Completed,108,2395,119.75,220.49,113.76,11,Product 146,Electronics,Alpha,386,479,233,24.0,108.0,2025-10-26,Changed Mind,2233.22,Pending
282,Customer 282,Male,57,Multan,Pakistan,2024-11-08,customer282@mail.com,108,146,2025-10-26,5,Bank,Completed,108,2395,119.75,220.49,113.76,11,Product 146,Electronics,Alpha,386,479,233,161.0,670.0,2025-10-15,Wrong Item,1407.55,Approved
282,Customer 282,Male,57,Multan,Pakistan,2024-11-08,customer282@mail.com,180,206,2025-06-22,5,Card,Completed,180,2780,278.0,289.9,125.1,17,Product 206,Clothing,Prime,414,556,176,98.0,436.0,2025-11-16,Wrong Item,764.56,Pending
282,Customer 282,Male,57,Multan,Pakistan,2024-11-08,customer282@mail.com,180,206,2025-06-22,5,Card,Completed,180,2780,278.0,289.9,125.1,17,Product 206,Clothing,Prime,414,556,176,206.0,838.0,2025-02-03,Damaged,1379.62,Pending
282,Customer 282,Male,57,Multan,Pakistan,2024-11-08,customer282@mail.com,808,255,2025-10-01,5,Wallet,Completed,808,2095,209.5,86.22,94.28,20,Product 255,Clothing,Prime,337,419,57,,,,,,
283,Customer 283,Male,59,Lahore,Pakistan,2024-11-21,customer283@mail.com,73,134,2025-10-04,5,Wallet,Completed,73,1500,150.0,280.5,67.5,7,Product 134,Books,Eco,199,300,38,,,,,,
283,Customer 283,Male,59,Lahore,Pakistan,2024-11-21,customer283@mail.com,783,61,2025-04-25,2,Cash,Completed,783,362,36.2,227.51,16.29,10,Product 61,Books,Nova,36,181,303,226.0,905.0,2025-02-13,Late Delivery,645.75,Approved
284,Customer 284,Female,37,Faisalabad,Pakistan,2024-02-29,customer284@mail.com,853,305,2025-10-05,2,Wallet,Completed,853,1020,51.0,-83.45,48.45,12,Product 305,Books,Eco,496,510,124,,,,,,
286,Customer 286,Female,25,Lahore,Pakistan,2024-04-30,customer286@mail.com,98,248,2025-07-09,2,Wallet,Completed,98,768,38.4,125.12,36.48,12,Product 248,Clothing,Eco,278,384,432,,,,,,
286,Customer 286,Female,25,Lahore,Pakistan,2024-04-30,customer286@mail.com,215,273,2025-04-05,1,Bank,Completed,215,316,0.0,151.2,15.8,3,Product 273,Electronics,Nova,146,316,293,,,,,,
286,Customer 286,Female,25,Lahore,Pakistan,2024-04-30,customer286@mail.com,810,243,2025-02-26,2,Cash,Completed,810,520,26.0,-16.7,24.7,14,Product 243,Electronics,Eco,236,260,273,125.0,541.0,2025-03-22,Late Delivery,178.05,Approved
286,Customer 286,Female,25,Lahore,Pakistan,2024-04-30,customer286@mail.com,810,243,2025-02-26,2,Cash,Completed,810,520,26.0,-16.7,24.7,14,Product 243,Electronics,Eco,236,260,273,141.0,613.0,2025-10-25,Changed Mind,665.1,Approved
288,Customer 288,Female,55,Islamabad,Pakistan,2024-07-31,customer288@mail.com,358,364,2025-03-12,2,Bank,Completed,358,452,0.0,255.4,22.6,20,Product 364,Clothing,Eco,77,226,287,76.0,358.0,2025-03-12,Wrong Item,334.14,Approved
288,Customer 288,Female,55,Islamabad,Pakistan,2024-07-31,customer288@mail.com,845,401,2025-04-12,5,Cash,Completed,845,1250,125.0,-53.25,56.25,7,Product 401,Home,Max,223,250,255,120.0,517.0,2025-10-15,Wrong Item,125.78,Pending
288,Customer 288,Female,55,Islamabad,Pakistan,2024-07-31,customer288@mail.com,942,380,2025-03-11,4,Card,Completed,942,1312,131.2,446.76,59.04,7,Product 380,Clothing,Max,167,328,63,,,,,,
290,Customer 290,Male,41,Peshawar,Pakistan,2024-08-15,customer290@mail.com,545,232,2025-07-13,3,Wallet,Completed,545,1455,145.5,-22.98,65.48,7,Product 232,Clothing,Max,420,485,362,34.0,150.0,2025-12-25,Damaged,763.61,Approved
291,Customer 291,Female,33,Multan,Pakistan,2024-02-20,customer291@mail.com,429,264,2025-05-17,4,Cash,Completed,429,968,96.8,609.64,43.56,18,Product 264,Electronics,Alpha,50,242,170,,,,,,
291,Customer 291,Female,33,Multan,Pakistan,2024-02-20,customer291@mail.com,434,411,2025-09-01,5,Wallet,Completed,434,1620,0.0,620.0,81.0,14,Product 411,Sports,Max,181,324,126,3.0,10.0,2025-08-07,Wrong Item,553.26,Pending
291,Customer 291,Female,33,Multan,Pakistan,2024-02-20,customer291@mail.com,684,417,2025-04-06,2,Card,Completed,684,528,0.0,361.6,26.4,8,Product 417,Sports,Nova,66,264,495,56.0,276.0,2025-07-14,Damaged,1139.28,Approved
291,Customer 291,Female,33,Multan,Pakistan,2024-02-20,customer291@mail.com,964,280,2025-06-24,1,Card,Completed,964,569,56.9,-15.51,25.61,19,Product 280,Clothing,Eco,483,569,450,,,,,,
292,Customer 292,Female,52,Multan,Pakistan,2024-02-01,customer292@mail.com,278,407,2025-08-11,3,Bank,Completed,278,897,0.0,249.15,44.85,3,Product 407,Clothing,Eco,200,299,32,,,,,,
292,Customer 292,Female,52,Multan,Pakistan,2024-02-01,customer292@mail.com,493,417,2025-07-01,3,Bank,Completed,493,792,79.2,474.16,35.64,5,Product 417,Sports,Nova,66,264,495,56.0,276.0,2025-07-14,Damaged,1139.28,Approved
293,Customer 293,Female,35,Peshawar,Pakistan,2024-03-03,customer293@mail.com,37,483,2025-12-12,4,Bank,Completed,37,1512,75.6,49.58,71.82,3,Product 483,Home,Alpha,328,378,12,169.0,706.0,2025-04-23,Damaged,654.92,Pending
293,Customer 293,Female,35,Peshawar,Pakistan,2024-03-03,customer293@mail.com,479,93,2025-02-09,4,Card,Completed,479,1036,51.8,296.99,49.21,6,Product 93,Clothing,Max,158,259,252,16.0,64.0,2025-01-28,Late Delivery,974.17,Approved
293,Customer 293,Female,35,Peshawar,Pakistan,2024-03-03,customer293@mail.com,995,203,2025-11-12,1,Bank,Completed,995,544,27.2,97.96,25.84,11,Product 203,Clothing,Eco,382,544,313,,,,,,
294,Customer 294,Female,23,Peshawar,Pakistan,2024-11-24,customer294@mail.com,22,230,2025-09-13,1,Wallet,Completed,22,141,7.05,100.25,6.7,6,Product 230,Home,Prime,21,141,451,,,,,,
294,Customer 294,Female,23,Peshawar,Pakistan,2024-11-24,customer294@mail.com,47,282,2025-02-07,3,Bank,Completed,47,1209,120.9,-38.31,54.41,10,Product 282,Sports,Alpha,354,403,18,,,,,,
294,Customer 294,Female,23,Peshawar,Pakistan,2024-11-24,customer294@mail.com,213,79,2025-06-09,4,Bank,Completed,213,636,31.8,217.99,30.21,20,Product 79,Clothing,Alpha,84,159,26,42.0,213.0,2025-06-09,Wrong Item,499.21,Approved
295,Customer 295,Male,21,Multan,Pakistan,2024-05-04,customer295@mail.com,109,3,2025-03-31,3,Wallet,Completed,109,1197,119.7,225.43,53.87,6,Product 3,Books,Eco,264,399,372,,,,,,
295,Customer 295,Male,21,Multan,Pakistan,2024-05-04,customer295@mail.com,126,352,2025-02-21,2,Bank,Completed,126,946,0.0,210.7,47.3,20,Product 352,Clothing,Max,334,473,416,44.0,218.0,2025-07-03,Changed Mind,392.95,Pending
295,Customer 295,Male,21,Multan,Pakistan,2024-05-04,customer295@mail.com,371,65,2025-05-14,4,Bank,Completed,371,1752,0.0,-20.6,87.6,9,Product 65,Sports,Nova,419,438,272,241.0,977.0,2025-12-26,Late Delivery,881.43,Pending
295,Customer 295,Male,21,Multan,Pakistan,2024-05-04,customer295@mail.com,458,43,2025-03-22,1,Card,Completed,458,409,40.9,103.69,18.41,7,Product 43,Home,Nova,239,409,17,180.0,764.0,2025-05-07,Damaged,943.17,Pending
295,Customer 295,Male,21,Multan,Pakistan,2024-05-04,customer295@mail.com,458,43,2025-03-22,1,Card,Completed,458,409,40.9,103.69,18.41,7,Product 43,Home,Nova,239,409,17,194.0,809.0,2025-08-04,Damaged,922.89,Pending
296,Customer 296,Male,54,Peshawar,Pakistan,2024-02-05,customer296@mail.com,179,184,2025-12-26,4,Wallet,Completed,179,2024,0.0,278.8,101.2,8,Product 184,Books,Max,409,506,336,119.0,513.0,2025-07-02,Changed Mind,807.32,Approved
296,Customer 296,Male,54,Peshawar,Pakistan,2024-02-05,customer296@mail.com,667,230,2025-05-20,2,Wallet,Completed,667,282,0.0,211.9,14.1,14,Product 230,Home,Prime,21,141,451,,,,,,
297,Customer 297,Male,55,Peshawar,Pakistan,2024-04-29,customer297@mail.com,79,279,2025-03-31,5,Wallet,Completed,79,1660,166.0,-140.7,74.7,15,Product 279,Books,Alpha,309,332,194,,,,,,
298,Customer 298,Female,27,Karachi,Pakistan,2024-05-21,customer298@mail.com,713,444,2025-12-30,1,Bank,Completed,713,316,15.8,84.19,15.01,8,Product 444,Books,Eco,193,316,335,218.0,874.0,2025-02-28,Wrong Item,513.55,Pending
299,Customer 299,Male,26,Quetta,Pakistan,2024-03-30,customer299@mail.com,594,454,2025-03-16,5,Card,Completed,594,355,17.75,263.39,16.86,12,Product 454,Home,Max,9,71,422,192.0,798.0,2025-03-14,Late Delivery,196.72,Pending
300,Customer 300,Male,60,Karachi,Pakistan,2024-03-08,customer300@mail.com,59,24,2025-07-03,1,Cash,Completed,59,300,15.0,51.75,14.25,12,Product 24,Clothing,Prime,207,300,31,,,,,,
301,Customer 301,Male,40,Peshawar,Pakistan,2024-10-28,customer301@mail.com,495,371,2025-12-10,4,Wallet,Completed,495,1488,148.8,165.24,66.96,11,Product 371,Electronics,Prime,274,372,370,240.0,974.0,2025-02-23,Changed Mind,238.59,Pending
301,Customer 301,Male,40,Peshawar,Pakistan,2024-10-28,customer301@mail.com,826,408,2025-09-02,4,Cash,Completed,826,1024,51.2,360.16,48.64,8,Product 408,Sports,Prime,139,256,125,168.0,705.0,2025-09-24,Late Delivery,474.2,Approved
301,Customer 301,Male,40,Peshawar,Pakistan,2024-10-28,customer301@mail.com,826,408,2025-09-02,4,Cash,Completed,826,1024,51.2,360.16,48.64,8,Product 408,Sports,Prime,139,256,125,202.0,826.0,2025-09-02,Damaged,711.65,Approved
302,Customer 302,Female,19,Islamabad,Pakistan,2024-05-15,customer302@mail.com,304,395,2025-09-24,2,Bank,Completed,304,772,77.2,-25.94,34.74,8,Product 395,Books,Eco,339,386,90,,,,,,
302,Customer 302,Female,19,Islamabad,Pakistan,2024-05-15,customer302@mail.com,577,66,2025-03-07,1,Bank,Completed,577,338,33.8,61.99,15.21,10,Product 66,Books,Alpha,217,338,296,,,,,,
303,Customer 303,Male,26,Faisalabad,Pakistan,2024-09-26,customer303@mail.com,84,83,2025-01-12,4,Card,Completed,84,2136,0.0,626.2,106.8,7,Product 83,Electronics,Nova,349,534,389,85.0,406.0,2025-11-10,Damaged,1896.13,Approved
303,Customer 303,Male,26,Faisalabad,Pakistan,2024-09-26,customer303@mail.com,84,83,2025-01-12,4,Card,Completed,84,2136,0.0,626.2,106.8,7,Product 83,Electronics,Nova,349,534,389,99.0,440.0,2025-12-18,Wrong Item,906.99,Pending
303,Customer 303,Male,26,Faisalabad,Pakistan,2024-09-26,customer303@mail.com,84,83,2025-01-12,4,Card,Completed,84,2136,0.0,626.2,106.8,7,Product 83,Electronics,Nova,349,534,389,217.0,871.0,2025-06-02,Late Delivery,717.06,Pending
303,Customer 303,Male,26,Faisalabad,Pakistan,2024-09-26,customer303@mail.com,272,212,2025-11-14,2,Card,Completed,272,450,45.0,280.75,20.25,8,Product 212,Clothing,Prime,48,225,70,46.0,220.0,2025-12-10,Changed Mind,439.81,Pending
303,Customer 303,Male,26,Faisalabad,Pakistan,2024-09-26,customer303@mail.com,272,212,2025-11-14,2,Card,Completed,272,450,45.0,280.75,20.25,8,Product 212,Clothing,Prime,48,225,70,50.0,246.0,2025-06-20,Late Delivery,121.62,Pending
303,Customer 303,Male,26,Faisalabad,Pakistan,2024-09-26,customer303@mail.com,704,275,2025-07-18,2,Wallet,Completed,704,1334,66.7,217.93,63.37,14,Product 275,Electronics,Prime,486,667,115,,,,,,
304,Customer 304,Male,22,Rawalpindi,Pakistan,2024-08-17,customer304@mail.com,322,123,2025-07-19,4,Cash,Completed,322,864,86.4,-57.28,38.88,12,Product 123,Books,Max,196,216,477,,,,,,
304,Customer 304,Male,22,Rawalpindi,Pakistan,2024-08-17,customer304@mail.com,330,89,2025-02-02,3,Cash,Completed,330,699,34.95,149.85,33.2,7,Product 89,Electronics,Max,158,233,495,,,,,,
304,Customer 304,Male,22,Rawalpindi,Pakistan,2024-08-17,customer304@mail.com,341,297,2025-08-03,3,Card,Completed,341,1431,143.1,-184.5,64.4,13,Product 297,Home,Eco,465,477,149,71.0,341.0,2025-08-03,Wrong Item,714.87,Approved
304,Customer 304,Male,22,Rawalpindi,Pakistan,2024-08-17,customer304@mail.com,428,44,2025-06-06,1,Cash,Completed,428,473,23.65,36.88,22.47,8,Product 44,Home,Max,382,473,355,95.0,428.0,2025-06-06,Changed Mind,297.95,Pending
305,Customer 305,Female,50,Lahore,Pakistan,2024-08-19,customer305@mail.com,260,447,2025-06-20,1,Wallet,Completed,260,402,0.0,128.9,20.1,6,Product 447,Books,Prime,247,402,186,,,,,,
305,Customer 305,Female,50,Lahore,Pakistan,2024-08-19,customer305@mail.com,297,479,2025-09-11,2,Wallet,Completed,297,534,26.7,157.93,25.37,10,Product 479,Electronics,Nova,157,267,80,135.0,585.0,2025-05-09,Damaged,536.99,Pending
305,Customer 305,Female,50,Lahore,Pakistan,2024-08-19,customer305@mail.com,415,433,2025-03-04,4,Card,Completed,415,1284,64.2,148.81,60.99,18,Product 433,Home,Alpha,248,321,182,,,,,,
305,Customer 305,Female,50,Lahore,Pakistan,2024-08-19,customer305@mail.com,669,276,2025-10-11,2,Card,Completed,669,860,43.0,221.15,40.85,15,Product 276,Books,Nova,270,430,392,,,,,,
306,Customer 306,Male,57,Karachi,Pakistan,2024-12-03,customer306@mail.com,89,303,2025-04-28,1,Wallet,Completed,89,35,1.75,-2.41,1.66,7,Product 303,Clothing,Alpha,27,35,251,21.0,89.0,2025-04-28,Changed Mind,19.99,Approved
306,Customer 306,Male,57,Karachi,Pakistan,2024-12-03,customer306@mail.com,89,303,2025-04-28,1,Wallet,Completed,89,35,1.75,-2.41,1.66,7,Product 303,Clothing,Alpha,27,35,251,37.0,174.0,2025-01-26,Changed Mind,100.85,Approved
306,Customer 306,Male,57,Karachi,Pakistan,2024-12-03,customer306@mail.com,184,9,2025-03-11,5,Bank,Completed,184,2195,0.0,708.25,109.75,12,Product 9,Books,Eco,273,439,85,,,,,,
307,Customer 307,Female,47,Karachi,Pakistan,2024-02-01,customer307@mail.com,569,169,2025-12-21,1,Card,Completed,569,505,50.5,12.77,22.73,3,Product 169,Sports,Prime,416,505,230,111.0,482.0,2025-12-02,Late Delivery,251.55,Pending
308,Customer 308,Female,43,Faisalabad,Pakistan,2024-12-17,customer308@mail.com,88,74,2025-04-04,5,Bank,Completed,88,2695,0.0,322.25,134.75,13,Product 74,Electronics,Nova,445,539,285,,,,,,
309,Customer 309,Male,49,Rawalpindi,Pakistan,2024-02-07,customer309@mail.com,688,267,2025-09-06,3,Wallet,Completed,688,1275,63.75,306.69,60.56,16,Product 267,Electronics,Max,276,425,342,,,,,,
309,Customer 309,Male,49,Rawalpindi,Pakistan,2024-02-07,customer309@mail.com,729,283,2025-10-30,2,Bank,Completed,729,654,32.7,-26.76,31.06,7,Product 283,Electronics,Prime,305,327,120,,,,,,
309,Customer 309,Male,49,Rawalpindi,Pakistan,2024-02-07,customer309@mail.com,884,109,2025-04-22,5,Cash,Completed,884,3025,302.5,495.38,136.12,11,Product 109,Sports,Prime,416,605,478,,,,,,
309,Customer 309,Male,49,Rawalpindi,Pakistan,2024-02-07,customer309@mail.com,981,336,2025-05-30,2,Card,Completed,981,1200,120.0,27.0,54.0,15,Product 336,Sports,Max,492,600,393,144.0,622.0,2025-08-30,Changed Mind,498.5,Approved
310,Customer 310,Male,38,Islamabad,Pakistan,2024-02-03,customer310@mail.com,381,262,2025-12-08,1,Bank,Completed,381,453,22.65,40.83,21.52,7,Product 262,Electronics,Eco,361,453,365,,,,,,
310,Customer 310,Male,38,Islamabad,Pakistan,2024-02-03,customer310@mail.com,801,78,2025-08-08,2,Bank,Completed,801,524,52.4,42.02,23.58,8,Product 78,Clothing,Eco,199,262,187,,,,,,
311,Customer 311,Male,35,Multan,Pakistan,2024-07-14,customer311@mail.com,90,50,2025-09-01,2,Cash,Completed,90,510,51.0,71.05,22.95,19,Product 50,Books,Max,173,255,15,94.0,427.0,2025-06-26,Wrong Item,602.83,Pending
311,Customer 311,Male,35,Multan,Pakistan,2024-07-14,customer311@mail.com,470,481,2025-12-30,5,Cash,Completed,470,2955,0.0,451.25,147.75,11,Product 481,Clothing,Prime,469,591,451,,,,,,
311,Customer 311,Male,35,Multan,Pakistan,2024-07-14,customer311@mail.com,829,39,2025-10-18,2,Wallet,Completed,829,614,0.0,266.3,30.7,3,Product 39,Books,Alpha,157,307,485,203.0,829.0,2025-10-18,Damaged,574.23,Pending
312,Customer 312,Female,47,Faisalabad,Pakistan,2024-02-20,customer312@mail.com,103,20,2025-07-25,4,Bank,Completed,103,804,80.4,203.42,36.18,4,Product 20,Home,Nova,120,201,363,,,,,,
312,Customer 312,Female,47,Faisalabad,Pakistan,2024-02-20,customer312@mail.com,663,447,2025-09-24,4,Bank,Completed,663,1608,0.0,522.6,80.4,17,Product 447,Books,Prime,247,402,186,,,,,,
312,Customer 312,Female,47,Faisalabad,Pakistan,2024-02-20,customer312@mail.com,738,51,2025-03-29,1,Bank,Completed,738,310,15.5,133.77,14.73,8,Product 51,Home,Nova,138,310,41,,,,,,
313,Customer 313,Male,59,Peshawar,Pakistan,2024-08-08,customer313@mail.com,289,46,2025-08-30,2,Cash,Completed,289,880,88.0,68.4,39.6,20,Product 46,Sports,Max,332,440,177,32.0,144.0,2025-06-07,Wrong Item,844.82,Pending
313,Customer 313,Male,59,Peshawar,Pakistan,2024-08-08,customer313@mail.com,517,401,2025-10-15,1,Cash,Completed,517,250,25.0,-15.25,11.25,6,Product 401,Home,Max,223,250,255,120.0,517.0,2025-10-15,Wrong Item,125.78,Pending
314,Customer 314,Female,32,Faisalabad,Pakistan,2024-06-22,customer314@mail.com,124,176,2025-04-05,3,Wallet,Completed,124,1047,52.35,56.92,49.73,9,Product 176,Books,Max,293,349,102,,,,,,
314,Customer 314,Female,32,Faisalabad,Pakistan,2024-06-22,customer314@mail.com,695,407,2025-06-28,1,Wallet,Completed,695,299,14.95,63.85,14.2,6,Product 407,Clothing,Eco,200,299,32,,,,,,
314,Customer 314,Female,32,Faisalabad,Pakistan,2024-06-22,customer314@mail.com,895,406,2025-05-19,4,Card,Completed,895,1548,0.0,321.6,77.4,17,Product 406,Clothing,Prime,283,387,463,223.0,895.0,2025-05-19,Wrong Item,1021.16,Pending
315,Customer 315,Female,43,Faisalabad,Pakistan,2024-02-18,customer315@mail.com,313,330,2025-08-15,1,Bank,Completed,313,231,0.0,104.45,11.55,4,Product 330,Home,Eco,111,231,145,65.0,313.0,2025-08-15,Late Delivery,181.49,Pending
315,Customer 315,Female,43,Faisalabad,Pakistan,2024-02-18,customer315@mail.com,313,330,2025-08-15,1,Bank,Completed,313,231,0.0,104.45,11.55,4,Product 330,Home,Eco,111,231,145,177.0,753.0,2025-01-19,Changed Mind,522.81,Pending
315,Customer 315,Female,43,Faisalabad,Pakistan,2024-02-18,customer315@mail.com,872,308,2025-01-03,5,Card,Completed,872,2195,219.5,555.72,98.78,11,Product 308,Electronics,Nova,262,439,124,207.0,840.0,2025-02-01,Damaged,1010.51,Pending
315,Customer 315,Female,43,Faisalabad,Pakistan,2024-02-18,customer315@mail.com,937,465,2025-05-05,3,Bank,Completed,937,795,0.0,507.25,39.75,20,Product 465,Electronics,Eco,76,265,161,,,,,,
316,Customer 316,Female,45,Multan,Pakistan,2024-12-06,customer316@mail.com,200,421,2025-11-16,4,Card,Completed,200,2648,132.4,501.82,125.78,4,Product 421,Electronics,Alpha,471,662,208,,,,,,
316,Customer 316,Female,45,Multan,Pakistan,2024-12-06,customer316@mail.com,266,183,2025-06-20,3,Card,Completed,266,1236,123.6,202.78,55.62,20,Product 183,Sports,Max,278,412,28,54.0,266.0,2025-06-20,Changed Mind,1069.45,Approved
317,Customer 317,Female,41,Islamabad,Pakistan,2024-12-17,customer317@mail.com,5,61,2025-02-28,3,Cash,Completed,5,543,27.15,373.06,25.79,9,Product 61,Books,Nova,36,181,303,226.0,905.0,2025-02-13,Late Delivery,645.75,Approved
317,Customer 317,Female,41,Islamabad,Pakistan,2024-12-17,customer317@mail.com,150,232,2025-12-25,3,Wallet,Completed,150,1455,0.0,109.25,72.75,13,Product 232,Clothing,Max,420,485,362,34.0,150.0,2025-12-25,Damaged,763.61,Approved
317,Customer 317,Female,41,Islamabad,Pakistan,2024-12-17,customer317@mail.com,337,186,2025-09-17,5,Card,Completed,337,2200,110.0,251.5,104.5,9,Product 186,Clothing,Max,345,440,32,29.0,137.0,2025-09-24,Wrong Item,1069.14,Pending
317,Customer 317,Female,41,Islamabad,Pakistan,2024-12-17,customer317@mail.com,337,186,2025-09-17,5,Card,Completed,337,2200,110.0,251.5,104.5,9,Product 186,Clothing,Max,345,440,32,81.0,401.0,2025-08-15,Wrong Item,798.41,Approved
317,Customer 317,Female,41,Islamabad,Pakistan,2024-12-17,customer317@mail.com,337,186,2025-09-17,5,Card,Completed,337,2200,110.0,251.5,104.5,9,Product 186,Clothing,Max,345,440,32,138.0,602.0,2025-02-07,Wrong Item,283.93,Pending
317,Customer 317,Female,41,Islamabad,Pakistan,2024-12-17,customer317@mail.com,514,117,2025-10-15,1,Card,Completed,514,475,23.75,37.69,22.56,11,Product 117,Clothing,Nova,380,475,378,,,,,,
318,Customer 318,Female,22,Lahore,Pakistan,2024-02-13,customer318@mail.com,593,228,2025-05-05,2,Card,Completed,593,814,0.0,-14.7,40.7,4,Product 228,Sports,Max,392,407,121,132.0,574.0,2025-04-24,Late Delivery,351.13,Approved
318,Customer 318,Female,22,Lahore,Pakistan,2024-02-13,customer318@mail.com,593,228,2025-05-05,2,Card,Completed,593,814,0.0,-14.7,40.7,4,Product 228,Sports,Max,392,407,121,137.0,593.0,2025-05-05,Late Delivery,644.9,Pending
320,Customer 320,Male,53,Karachi,Pakistan,2024-10-27,customer320@mail.com,433,381,2025-10-24,1,Cash,Completed,433,616,61.6,29.68,27.72,13,Product 381,Clothing,Prime,484,616,391,30.0,138.0,2025-04-18,Changed Mind,566.71,Approved
320,Customer 320,Male,53,Karachi,Pakistan,2024-10-27,customer320@mail.com,433,381,2025-10-24,1,Cash,Completed,433,616,61.6,29.68,27.72,13,Product 381,Clothing,Prime,484,616,391,184.0,773.0,2025-09-28,Damaged,2131.44,Approved
320,Customer 320,Male,53,Karachi,Pakistan,2024-10-27,customer320@mail.com,433,381,2025-10-24,1,Cash,Completed,433,616,61.6,29.68,27.72,13,Product 381,Clothing,Prime,484,616,391,185.0,774.0,2025-03-03,Damaged,2003.84,Approved
320,Customer 320,Male,53,Karachi,Pakistan,2024-10-27,customer320@mail.com,528,404,2025-11-30,5,Wallet,Completed,528,735,73.5,294.42,33.08,14,Product 404,Sports,Eco,64,147,260,,,,,,
321,Customer 321,Female,60,Lahore,Pakistan,2024-07-29,customer321@mail.com,501,440,2025-04-08,5,Cash,Completed,501,535,26.75,35.84,25.41,17,Product 440,Home,Max,86,107,216,116.0,501.0,2025-04-08,Damaged,361.34,Approved
321,Customer 321,Female,60,Lahore,Pakistan,2024-07-29,customer321@mail.com,585,479,2025-05-09,3,Card,Completed,585,801,0.0,271.95,40.05,18,Product 479,Electronics,Nova,157,267,80,135.0,585.0,2025-05-09,Damaged,536.99,Pending
322,Customer 322,Female,60,Faisalabad,Pakistan,2024-01-27,customer322@mail.com,236,286,2025-01-26,2,Card,Completed,236,942,0.0,162.9,47.1,4,Product 286,Electronics,Max,364,471,285,,,,,,
322,Customer 322,Female,60,Faisalabad,Pakistan,2024-01-27,customer322@mail.com,250,236,2025-06-21,5,Wallet,Completed,250,2260,113.0,485.65,107.35,4,Product 236,Clothing,Prime,310,452,370,,,,,,
322,Customer 322,Female,60,Faisalabad,Pakistan,2024-01-27,customer322@mail.com,392,352,2025-12-22,4,Cash,Completed,392,1892,94.6,352.53,89.87,19,Product 352,Clothing,Max,334,473,416,44.0,218.0,2025-07-03,Changed Mind,392.95,Pending
322,Customer 322,Female,60,Faisalabad,Pakistan,2024-01-27,customer322@mail.com,418,483,2025-01-16,2,Cash,Completed,418,756,75.6,-13.62,34.02,4,Product 483,Home,Alpha,328,378,12,169.0,706.0,2025-04-23,Damaged,654.92,Pending
322,Customer 322,Female,60,Faisalabad,Pakistan,2024-01-27,customer322@mail.com,797,279,2025-01-11,1,Cash,Completed,797,332,0.0,-13.6,16.6,20,Product 279,Books,Alpha,309,332,194,,,,,,
323,Customer 323,Female,56,Quetta,Pakistan,2024-06-29,customer323@mail.com,774,381,2025-03-03,5,Cash,Completed,774,3080,308.0,204.4,138.6,9,Product 381,Clothing,Prime,484,616,391,30.0,138.0,2025-04-18,Changed Mind,566.71,Approved
323,Customer 323,Female,56,Quetta,Pakistan,2024-06-29,customer323@mail.com,774,381,2025-03-03,5,Cash,Completed,774,3080,308.0,204.4,138.6,9,Product 381,Clothing,Prime,484,616,391,184.0,773.0,2025-09-28,Damaged,2131.44,Approved
323,Customer 323,Female,56,Quetta,Pakistan,2024-06-29,customer323@mail.com,774,381,2025-03-03,5,Cash,Completed,774,3080,308.0,204.4,138.6,9,Product 381,Clothing,Prime,484,616,391,185.0,774.0,2025-03-03,Damaged,2003.84,Approved
324,Customer 324,Male,54,Peshawar,Pakistan,2024-03-20,customer324@mail.com,143,384,2025-08-11,5,Bank,Completed,143,990,49.5,175.47,47.03,18,Product 384,Clothing,Alpha,140,198,189,15.0,63.0,2025-04-19,Late Delivery,316.48,Approved
324,Customer 324,Male,54,Peshawar,Pakistan,2024-03-20,customer324@mail.com,191,196,2025-06-06,1,Cash,Completed,191,557,27.85,108.69,26.46,20,Product 196,Sports,Prime,374,557,44,129.0,554.0,2025-02-16,Late Delivery,955.84,Approved
324,Customer 324,Male,54,Peshawar,Pakistan,2024-03-20,customer324@mail.com,244,255,2025-04-03,4,Card,Completed,244,1676,167.6,72.98,75.42,12,Product 255,Clothing,Prime,337,419,57,,,,,,
324,Customer 324,Male,54,Peshawar,Pakistan,2024-03-20,customer324@mail.com,318,491,2025-07-07,1,Bank,Completed,318,547,0.0,48.65,27.35,17,Product 491,Home,Nova,454,547,62,191.0,795.0,2025-10-05,Changed Mind,364.41,Approved
324,Customer 324,Male,54,Peshawar,Pakistan,2024-03-20,customer324@mail.com,344,184,2025-04-14,3,Bank,Completed,344,1518,0.0,211.1,75.9,4,Product 184,Books,Max,409,506,336,119.0,513.0,2025-07-02,Changed Mind,807.32,Approved
324,Customer 324,Male,54,Peshawar,Pakistan,2024-03-20,customer324@mail.com,656,357,2025-12-14,4,Card,Completed,656,1984,99.2,102.56,94.24,8,Product 357,Electronics,Eco,420,496,281,,,,,,
325,Customer 325,Female,32,Lahore,Pakistan,2024-06-28,customer325@mail.com,866,324,2025-04-06,3,Card,Completed,866,1608,160.8,-129.16,72.36,10,Product 324,Clothing,Prime,498,536,143,,,,,,
326,Customer 326,Female,25,Quetta,Pakistan,2024-10-20,customer326@mail.com,947,12,2025-03-14,2,Card,Completed,947,630,0.0,119.5,31.5,19,Product 12,Sports,Nova,230,315,221,,,,,,
327,Customer 327,Male,45,Karachi,Pakistan,2024-11-07,customer327@mail.com,896,229,2025-09-25,1,Card,Completed,896,253,25.3,-23.68,11.38,18,Product 229,Clothing,Prime,222,253,457,17.0,70.0,2025-06-06,Late Delivery,548.74,Approved
327,Customer 327,Male,45,Karachi,Pakistan,2024-11-07,customer327@mail.com,896,229,2025-09-25,1,Card,Completed,896,253,25.3,-23.68,11.38,18,Product 229,Clothing,Prime,222,253,457,63.0,306.0,2025-04-23,Damaged,583.83,Approved
328,Customer 328,Female,19,Islamabad,Pakistan,2024-05-19,customer328@mail.com,784,76,2025-03-10,3,Bank,Completed,784,612,0.0,553.4,30.6,10,Product 76,Electronics,Prime,6,204,247,,,,,,
328,Customer 328,Female,19,Islamabad,Pakistan,2024-05-19,customer328@mail.com,848,497,2025-02-19,5,Cash,Completed,848,2885,0.0,386.75,144.25,9,Product 497,Electronics,Nova,469,577,124,,,,,,
329,Customer 329,Female,39,Multan,Pakistan,2024-01-04,customer329@mail.com,69,224,2025-07-04,3,Card,Completed,69,621,62.1,82.95,27.95,13,Product 224,Books,Prime,145,207,96,,,,,,
329,Customer 329,Female,39,Multan,Pakistan,2024-01-04,customer329@mail.com,457,329,2025-11-19,2,Wallet,Completed,457,496,49.6,-8.92,22.32,7,Product 329,Books,Prime,213,248,404,103.0,457.0,2025-11-19,Late Delivery,267.86,Pending
330,Customer 330,Male,27,Faisalabad,Pakistan,2024-02-05,customer330@mail.com,9,119,2025-06-01,4,Bank,Completed,9,2060,103.0,-124.85,97.85,4,Product 119,Books,Alpha,495,515,439,2.0,9.0,2025-06-01,Damaged,1149.45,Pending
330,Customer 330,Male,27,Faisalabad,Pakistan,2024-02-05,customer330@mail.com,678,365,2025-07-23,4,Cash,Completed,678,848,84.8,64.04,38.16,9,Product 365,Sports,Alpha,163,212,56,,,,,,
330,Customer 330,Male,27,Faisalabad,Pakistan,2024-02-05,customer330@mail.com,701,176,2025-07-15,4,Wallet,Completed,701,1396,0.0,144.2,69.8,10,Product 176,Books,Max,293,349,102,,,,,,
330,Customer 330,Male,27,Faisalabad,Pakistan,2024-02-05,customer330@mail.com,835,30,2025-12-25,2,Cash,Completed,835,1216,0.0,213.2,60.8,6,Product 30,Clothing,Nova,468,608,36,,,,,,
331,Customer 331,Male,58,Karachi,Pakistan,2024-02-16,customer331@mail.com,440,83,2025-12-18,3,Card,Completed,440,1602,80.1,388.8,76.1,10,Product 83,Electronics,Nova,349,534,389,85.0,406.0,2025-11-10,Damaged,1896.13,Approved
331,Customer 331,Male,58,Karachi,Pakistan,2024-02-16,customer331@mail.com,440,83,2025-12-18,3,Card,Completed,440,1602,80.1,388.8,76.1,10,Product 83,Electronics,Nova,349,534,389,99.0,440.0,2025-12-18,Wrong Item,906.99,Pending
331,Customer 331,Male,58,Karachi,Pakistan,2024-02-16,customer331@mail.com,440,83,2025-12-18,3,Card,Completed,440,1602,80.1,388.8,76.1,10,Product 83,Electronics,Nova,349,534,389,217.0,871.0,2025-06-02,Late Delivery,717.06,Pending
331,Customer 331,Male,58,Karachi,Pakistan,2024-02-16,customer331@mail.com,548,46,2025-12-29,2,Cash,Completed,548,880,88.0,76.4,39.6,12,Product 46,Sports,Max,332,440,177,32.0,144.0,2025-06-07,Wrong Item,844.82,Pending
331,Customer 331,Male,58,Karachi,Pakistan,2024-02-16,customer331@mail.com,858,361,2025-01-04,4,Bank,Completed,858,2168,0.0,288.6,108.4,19,Product 361,Home,Nova,438,542,100,58.0,280.0,2025-07-03,Changed Mind,2191.19,Pending
331,Customer 331,Male,58,Karachi,Pakistan,2024-02-16,customer331@mail.com,955,248,2025-08-30,4,Card,Completed,955,1536,153.6,182.28,69.12,19,Product 248,Clothing,Eco,278,384,432,,,,,,
332,Customer 332,Male,42,Faisalabad,Pakistan,2024-08-20,customer332@mail.com,462,314,2025-02-15,2,Wallet,Completed,462,624,0.0,67.8,31.2,11,Product 314,Books,Nova,257,312,87,36.0,171.0,2025-06-15,Damaged,641.57,Approved
332,Customer 332,Male,42,Faisalabad,Pakistan,2024-08-20,customer332@mail.com,489,352,2025-09-11,2,Cash,Completed,489,946,47.3,168.76,44.94,17,Product 352,Clothing,Max,334,473,416,44.0,218.0,2025-07-03,Changed Mind,392.95,Pending
332,Customer 332,Male,42,Faisalabad,Pakistan,2024-08-20,customer332@mail.com,733,421,2025-11-06,5,Card,Completed,733,3310,165.5,625.27,157.23,7,Product 421,Electronics,Alpha,471,662,208,,,,,,
333,Customer 333,Female,28,Multan,Pakistan,2024-06-08,customer333@mail.com,851,234,2025-07-30,4,Bank,Completed,851,1440,72.0,-0.4,68.4,20,Product 234,Clothing,Nova,320,360,422,,,,,,
333,Customer 333,Female,28,Multan,Pakistan,2024-06-08,customer333@mail.com,940,55,2025-11-01,3,Cash,Completed,940,537,26.85,112.64,25.51,18,Product 55,Clothing,Eco,118,179,88,7.0,27.0,2025-03-26,Wrong Item,144.17,Approved
333,Customer 333,Female,28,Multan,Pakistan,2024-06-08,customer333@mail.com,940,55,2025-11-01,3,Cash,Completed,940,537,26.85,112.64,25.51,18,Product 55,Clothing,Eco,118,179,88,215.0,869.0,2025-05-25,Wrong Item,330.19,Pending
334,Customer 334,Female,54,Lahore,Pakistan,2024-01-27,customer334@mail.com,53,99,2025-09-21,3,Cash,Completed,53,1446,0.0,78.7,72.3,8,Product 99,Electronics,Prime,429,482,203,,,,,,
334,Customer 334,Female,54,Lahore,Pakistan,2024-01-27,customer334@mail.com,435,422,2025-09-16,3,Bank,Completed,435,1185,59.25,182.46,56.29,20,Product 422,Books,Prime,289,395,448,124.0,540.0,2025-03-15,Damaged,639.62,Approved
334,Customer 334,Female,54,Lahore,Pakistan,2024-01-27,customer334@mail.com,675,198,2025-05-07,4,Card,Completed,675,1400,70.0,539.5,66.5,4,Product 198,Electronics,Nova,180,350,486,,,,,,
335,Customer 335,Male,28,Karachi,Pakistan,2024-12-11,customer335@mail.com,80,460,2025-09-22,1,Bank,Completed,80,230,11.5,48.57,10.93,10,Product 460,Electronics,Eco,149,230,42,167.0,700.0,2025-12-07,Wrong Item,175.1,Approved
335,Customer 335,Male,28,Karachi,Pakistan,2024-12-11,customer335@mail.com,653,162,2025-07-19,1,Card,Completed,653,319,15.95,6.9,15.15,10,Product 162,Sports,Nova,271,319,81,109.0,475.0,2025-03-19,Damaged,784.65,Pending
335,Customer 335,Male,28,Karachi,Pakistan,2024-12-11,customer335@mail.com,653,162,2025-07-19,1,Card,Completed,653,319,15.95,6.9,15.15,10,Product 162,Sports,Nova,271,319,81,155.0,653.0,2025-07-19,Late Delivery,275.03,Approved
338,Customer 338,Female,31,Lahore,Pakistan,2024-06-25,customer338@mail.com,261,382,2025-01-12,3,Bank,Completed,261,327,32.7,138.58,14.72,9,Product 382,Home,Prime,44,109,95,219.0,876.0,2025-08-12,Late Delivery,367.78,Pending
339,Customer 339,Female,25,Quetta,Pakistan,2024-12-13,customer339@mail.com,83,118,2025-06-19,4,Cash,Completed,83,1656,82.8,340.54,78.66,18,Product 118,Clothing,Max,284,414,338,,,,,,
339,Customer 339,Female,25,Quetta,Pakistan,2024-12-13,customer339@mail.com,277,77,2025-09-30,4,Bank,Completed,277,2152,107.6,529.18,102.22,17,Product 77,Books,Eco,349,538,282,57.0,277.0,2025-09-30,Late Delivery,1718.85,Pending
339,Customer 339,Female,25,Quetta,Pakistan,2024-12-13,customer339@mail.com,420,385,2025-09-10,5,Wallet,Completed,420,840,0.0,106.0,42.0,12,Product 385,Electronics,Alpha,136,168,207,158.0,662.0,2025-04-28,Wrong Item,84.12,Approved
339,Customer 339,Female,25,Quetta,Pakistan,2024-12-13,customer339@mail.com,693,97,2025-11-23,1,Bank,Completed,693,192,0.0,33.4,9.6,14,Product 97,Home,Alpha,135,192,482,188.0,791.0,2025-09-09,Wrong Item,502.38,Pending
339,Customer 339,Female,25,Quetta,Pakistan,2024-12-13,customer339@mail.com,990,157,2025-10-05,1,Bank,Completed,990,344,0.0,88.8,17.2,13,Product 157,Books,Max,225,344,272,,,,,,
340,Customer 340,Female,51,Quetta,Pakistan,2024-01-24,customer340@mail.com,4,267,2025-11-15,3,Card,Completed,4,1275,63.75,316.69,60.56,6,Product 267,Electronics,Max,276,425,342,,,,,,
340,Customer 340,Female,51,Quetta,Pakistan,2024-01-24,customer340@mail.com,19,347,2025-03-18,4,Cash,Completed,19,664,0.0,166.8,33.2,8,Product 347,Home,Prime,114,166,238,,,,,,
340,Customer 340,Female,51,Quetta,Pakistan,2024-01-24,customer340@mail.com,972,468,2025-05-01,1,Wallet,Completed,972,563,0.0,154.85,28.15,4,Product 468,Clothing,Max,376,563,336,,,,,,
341,Customer 341,Male,43,Karachi,Pakistan,2024-01-04,customer341@mail.com,633,244,2025-11-06,2,Bank,Completed,633,928,92.8,8.44,41.76,9,Product 244,Home,Eco,388,464,496,,,,,,
342,Customer 342,Male,37,Peshawar,Pakistan,2024-03-11,customer342@mail.com,310,395,2025-05-12,3,Card,Completed,310,1158,0.0,72.1,57.9,11,Product 395,Books,Eco,339,386,90,,,,,,
342,Customer 342,Male,37,Peshawar,Pakistan,2024-03-11,customer342@mail.com,417,309,2025-09-06,4,Bank,Completed,417,2212,0.0,420.4,110.6,17,Product 309,Electronics,Eco,416,553,45,89.0,417.0,2025-09-06,Changed Mind,1383.26,Approved
343,Customer 343,Female,36,Multan,Pakistan,2024-03-02,customer343@mail.com,352,157,2025-12-27,2,Wallet,Completed,352,688,68.8,135.24,30.96,3,Product 157,Books,Max,225,344,272,,,,,,
343,Customer 343,Female,36,Multan,Pakistan,2024-03-02,customer343@mail.com,963,50,2025-01-18,2,Card,Completed,963,510,0.0,124.5,25.5,14,Product 50,Books,Max,173,255,15,94.0,427.0,2025-06-26,Wrong Item,602.83,Pending
345,Customer 345,Male,42,Peshawar,Pakistan,2024-09-13,customer345@mail.com,238,146,2025-12-05,5,Card,Completed,238,2395,119.75,217.49,113.76,14,Product 146,Electronics,Alpha,386,479,233,24.0,108.0,2025-10-26,Changed Mind,2233.22,Pending
345,Customer 345,Male,42,Peshawar,Pakistan,2024-09-13,customer345@mail.com,238,146,2025-12-05,5,Card,Completed,238,2395,119.75,217.49,113.76,14,Product 146,Electronics,Alpha,386,479,233,161.0,670.0,2025-10-15,Wrong Item,1407.55,Approved
346,Customer 346,Female,22,Faisalabad,Pakistan,2024-01-22,customer346@mail.com,749,477,2025-04-26,5,Card,Completed,749,3255,0.0,638.25,162.75,14,Product 477,Electronics,Eco,488,651,465,,,,,,
347,Customer 347,Female,19,Rawalpindi,Pakistan,2024-02-09,customer347@mail.com,380,344,2025-09-20,1,Wallet,Completed,380,258,0.0,-13.9,12.9,18,Product 344,Clothing,Max,241,258,231,,,,,,
348,Customer 348,Female,54,Faisalabad,Pakistan,2024-10-20,customer348@mail.com,15,225,2025-11-09,2,Wallet,Completed,15,1052,52.6,138.43,49.97,3,Product 225,Books,Eco,404,526,291,,,,,,
348,Customer 348,Female,54,Faisalabad,Pakistan,2024-10-20,customer348@mail.com,325,446,2025-03-18,5,Card,Completed,325,2060,0.0,678.0,103.0,4,Product 446,Sports,Nova,255,412,455,,,,,,
348,Customer 348,Female,54,Faisalabad,Pakistan,2024-10-20,customer348@mail.com,915,390,2025-11-01,1,Bank,Completed,915,55,2.75,4.64,2.61,3,Product 390,Home,Alpha,42,55,173,,,,,,
349,Customer 349,Female,58,Faisalabad,Pakistan,2024-05-28,customer349@mail.com,579,287,2025-01-02,4,Wallet,Completed,579,1456,145.6,-39.12,65.52,4,Product 287,Home,Alpha,320,364,168,,,,,,
350,Customer 350,Male,43,Karachi,Pakistan,2024-06-15,customer350@mail.com,689,456,2025-06-11,3,Card,Completed,689,873,43.65,181.88,41.47,15,Product 456,Sports,Prime,197,291,121,,,,,,
350,Customer 350,Male,43,Karachi,Pakistan,2024-06-15,customer350@mail.com,834,212,2025-08-19,5,Bank,Completed,834,1125,112.5,717.88,50.62,4,Product 212,Clothing,Prime,48,225,70,46.0,220.0,2025-12-10,Changed Mind,439.81,Pending
350,Customer 350,Male,43,Karachi,Pakistan,2024-06-15,customer350@mail.com,834,212,2025-08-19,5,Bank,Completed,834,1125,112.5,717.88,50.62,4,Product 212,Clothing,Prime,48,225,70,50.0,246.0,2025-06-20,Late Delivery,121.62,Pending
350,Customer 350,Male,43,Karachi,Pakistan,2024-06-15,customer350@mail.com,933,394,2025-05-09,2,Card,Completed,933,1180,59.0,120.95,56.05,20,Product 394,Electronics,Eco,462,590,492,233.0,933.0,2025-05-09,Late Delivery,731.45,Pending
351,Customer 351,Male,57,Rawalpindi,Pakistan,2024-12-19,customer351@mail.com,276,417,2025-07-14,5,Bank,Completed,276,1320,66.0,857.3,62.7,4,Product 417,Sports,Nova,66,264,495,56.0,276.0,2025-07-14,Damaged,1139.28,Approved
351,Customer 351,Male,57,Rawalpindi,Pakistan,2024-12-19,customer351@mail.com,306,229,2025-04-23,3,Bank,Completed,306,759,37.95,10.0,36.05,9,Product 229,Clothing,Prime,222,253,457,17.0,70.0,2025-06-06,Late Delivery,548.74,Approved
351,Customer 351,Male,57,Rawalpindi,Pakistan,2024-12-19,customer351@mail.com,306,229,2025-04-23,3,Bank,Completed,306,759,37.95,10.0,36.05,9,Product 229,Clothing,Prime,222,253,457,63.0,306.0,2025-04-23,Damaged,583.83,Approved
351,Customer 351,Male,57,Rawalpindi,Pakistan,2024-12-19,customer351@mail.com,634,235,2025-04-14,3,Cash,Completed,634,555,0.0,405.25,27.75,17,Product 235,Home,Max,35,185,153,149.0,634.0,2025-04-14,Wrong Item,388.29,Pending
352,Customer 352,Female,23,Faisalabad,Pakistan,2024-02-24,customer352@mail.com,459,211,2025-08-20,3,Wallet,Completed,459,1794,179.4,263.87,80.73,7,Product 211,Home,Max,421,598,312,178.0,756.0,2025-09-07,Late Delivery,417.21,Pending
352,Customer 352,Female,23,Faisalabad,Pakistan,2024-02-24,customer352@mail.com,460,304,2025-05-25,3,Card,Completed,460,882,0.0,248.9,44.1,16,Product 304,Clothing,Nova,191,294,486,,,,,,
352,Customer 352,Female,23,Faisalabad,Pakistan,2024-02-24,customer352@mail.com,626,386,2025-12-20,4,Bank,Completed,626,1684,84.2,600.81,79.99,3,Product 386,Sports,Nova,229,421,462,12.0,50.0,2025-09-29,Wrong Item,1275.01,Approved
352,Customer 352,Female,23,Faisalabad,Pakistan,2024-02-24,customer352@mail.com,740,263,2025-12-03,2,Card,Completed,740,398,0.0,219.1,19.9,15,Product 263,Electronics,Nova,72,199,206,142.0,619.0,2025-11-26,Damaged,506.35,Approved
352,Customer 352,Female,23,Faisalabad,Pakistan,2024-02-24,customer352@mail.com,792,312,2025-02-05,2,Card,Completed,792,372,0.0,123.4,18.6,16,Product 312,Books,Prime,107,186,388,189.0,792.0,2025-02-05,Changed Mind,355.1,Approved
353,Customer 353,Male,45,Faisalabad,Pakistan,2024-09-25,customer353@mail.com,18,359,2025-02-18,5,Wallet,Completed,18,1520,152.0,634.6,68.4,10,Product 359,Clothing,Prime,131,304,283,182.0,768.0,2025-04-24,Damaged,412.14,Pending
353,Customer 353,Male,45,Faisalabad,Pakistan,2024-09-25,customer353@mail.com,221,167,2025-05-07,4,Wallet,Completed,221,908,45.4,395.47,43.13,4,Product 167,Electronics,Nova,105,227,165,,,,,,
353,Customer 353,Male,45,Faisalabad,Pakistan,2024-09-25,customer353@mail.com,854,349,2025-11-21,4,Bank,Completed,854,1548,154.8,37.54,69.66,6,Product 349,Home,Eco,320,387,220,,,,,,
353,Customer 353,Male,45,Faisalabad,Pakistan,2024-09-25,customer353@mail.com,913,123,2025-06-11,2,Cash,Completed,913,432,0.0,10.4,21.6,8,Product 123,Books,Max,196,216,477,,,,,,
354,Customer 354,Male,43,Quetta,Pakistan,2024-06-22,customer354@mail.com,13,436,2025-08-04,4,Card,Completed,13,1412,0.0,702.4,70.6,7,Product 436,Sports,Prime,158,353,147,,,,,,
354,Customer 354,Male,43,Quetta,Pakistan,2024-06-22,customer354@mail.com,401,186,2025-08-15,2,Bank,Completed,401,880,0.0,134.0,44.0,12,Product 186,Clothing,Max,345,440,32,29.0,137.0,2025-09-24,Wrong Item,1069.14,Pending
354,Customer 354,Male,43,Quetta,Pakistan,2024-06-22,customer354@mail.com,401,186,2025-08-15,2,Bank,Completed,401,880,0.0,134.0,44.0,12,Product 186,Clothing,Max,345,440,32,81.0,401.0,2025-08-15,Wrong Item,798.41,Approved
354,Customer 354,Male,43,Quetta,Pakistan,2024-06-22,customer354@mail.com,401,186,2025-08-15,2,Bank,Completed,401,880,0.0,134.0,44.0,12,Product 186,Clothing,Max,345,440,32,138.0,602.0,2025-02-07,Wrong Item,283.93,Pending
355,Customer 355,Male,39,Islamabad,Pakistan,2024-02-09,customer355@mail.com,370,464,2025-03-24,2,Card,Completed,370,1202,0.0,251.9,60.1,4,Product 464,Sports,Prime,443,601,358,,,,,,
355,Customer 355,Male,39,Islamabad,Pakistan,2024-02-09,customer355@mail.com,394,70,2025-03-25,3,Cash,Completed,394,171,8.55,35.33,8.12,14,Product 70,Sports,Alpha,35,57,156,87.0,410.0,2025-07-04,Changed Mind,153.25,Pending
355,Customer 355,Male,39,Islamabad,Pakistan,2024-02-09,customer355@mail.com,600,118,2025-11-16,4,Card,Completed,600,1656,0.0,419.2,82.8,18,Product 118,Clothing,Max,284,414,338,,,,,,
356,Customer 356,Male,51,Peshawar,Pakistan,2024-06-27,customer356@mail.com,36,327,2025-12-30,3,Cash,Completed,36,441,22.05,54.0,20.95,20,Product 327,Books,Alpha,108,147,89,,,,,,
356,Customer 356,Male,51,Peshawar,Pakistan,2024-06-27,customer356@mail.com,414,303,2025-03-28,1,Cash,Completed,414,35,1.75,-4.41,1.66,9,Product 303,Clothing,Alpha,27,35,251,21.0,89.0,2025-04-28,Changed Mind,19.99,Approved
356,Customer 356,Male,51,Peshawar,Pakistan,2024-06-27,customer356@mail.com,414,303,2025-03-28,1,Cash,Completed,414,35,1.75,-4.41,1.66,9,Product 303,Clothing,Alpha,27,35,251,37.0,174.0,2025-01-26,Changed Mind,100.85,Approved
357,Customer 357,Female,59,Islamabad,Pakistan,2024-04-30,customer357@mail.com,977,65,2025-12-26,4,Wallet,Completed,977,1752,175.2,-185.04,78.84,7,Product 65,Sports,Nova,419,438,272,241.0,977.0,2025-12-26,Late Delivery,881.43,Pending
359,Customer 359,Male,56,Islamabad,Pakistan,2024-12-01,customer359@mail.com,100,487,2025-02-21,2,Card,Completed,100,1252,125.2,57.46,56.34,15,Product 487,Sports,Alpha,499,626,29,151.0,644.0,2025-03-13,Damaged,1210.89,Approved
359,Customer 359,Male,56,Islamabad,Pakistan,2024-12-01,customer359@mail.com,114,427,2025-05-08,3,Bank,Completed,114,624,0.0,400.8,31.2,15,Product 427,Electronics,Prime,59,208,454,,,,,,
359,Customer 359,Male,56,Islamabad,Pakistan,2024-12-01,customer359@mail.com,296,121,2025-04-03,4,Cash,Completed,296,964,48.2,565.01,45.79,5,Product 121,Clothing,Alpha,75,241,372,,,,,,
359,Customer 359,Male,56,Islamabad,Pakistan,2024-12-01,customer359@mail.com,315,169,2025-10-22,4,Cash,Completed,315,2020,202.0,45.1,90.9,18,Product 169,Sports,Prime,416,505,230,111.0,482.0,2025-12-02,Late Delivery,251.55,Pending
359,Customer 359,Male,56,Islamabad,Pakistan,2024-12-01,customer359@mail.com,765,127,2025-04-12,4,Wallet,Completed,765,584,58.4,441.32,26.28,6,Product 127,Sports,Nova,13,146,64,,,,,,
360,Customer 360,Male,29,Rawalpindi,Pakistan,2024-08-25,customer360@mail.com,27,55,2025-03-26,1,Wallet,Completed,27,179,0.0,36.05,8.95,16,Product 55,Clothing,Eco,118,179,88,7.0,27.0,2025-03-26,Wrong Item,144.17,Approved
360,Customer 360,Male,29,Rawalpindi,Pakistan,2024-08-25,customer360@mail.com,27,55,2025-03-26,1,Wallet,Completed,27,179,0.0,36.05,8.95,16,Product 55,Clothing,Eco,118,179,88,215.0,869.0,2025-05-25,Wrong Item,330.19,Pending
360,Customer 360,Male,29,Rawalpindi,Pakistan,2024-08-25,customer360@mail.com,34,281,2025-12-31,3,Card,Completed,34,1752,0.0,353.4,87.6,9,Product 281,Sports,Prime,434,584,289,1.0,7.0,2025-04-17,Damaged,1854.84,Pending
360,Customer 360,Male,29,Rawalpindi,Pakistan,2024-08-25,customer360@mail.com,174,303,2025-01-26,3,Bank,Completed,174,105,0.0,13.75,5.25,5,Product 303,Clothing,Alpha,27,35,251,21.0,89.0,2025-04-28,Changed Mind,19.99,Approved
360,Customer 360,Male,29,Rawalpindi,Pakistan,2024-08-25,customer360@mail.com,174,303,2025-01-26,3,Bank,Completed,174,105,0.0,13.75,5.25,5,Product 303,Clothing,Alpha,27,35,251,37.0,174.0,2025-01-26,Changed Mind,100.85,Approved
360,Customer 360,Male,29,Rawalpindi,Pakistan,2024-08-25,customer360@mail.com,924,176,2025-03-04,5,Wallet,Completed,924,1745,87.25,95.86,82.89,14,Product 176,Books,Max,293,349,102,,,,,,
361,Customer 361,Female,54,Multan,Pakistan,2024-11-17,customer361@mail.com,354,325,2025-11-18,1,Cash,Completed,354,525,26.25,20.81,24.94,13,Product 325,Sports,Prime,440,525,172,,,,,,
361,Customer 361,Female,54,Multan,Pakistan,2024-11-17,customer361@mail.com,571,251,2025-10-03,4,Cash,Completed,571,1692,169.2,265.66,76.14,5,Product 251,Home,Alpha,294,423,33,140.0,611.0,2025-02-11,Late Delivery,528.46,Pending
361,Customer 361,Female,54,Multan,Pakistan,2024-11-17,customer361@mail.com,708,495,2025-01-31,4,Bank,Completed,708,1628,0.0,629.6,81.4,9,Product 495,Clothing,Prime,227,407,471,,,,,,
363,Customer 363,Female,46,Quetta,Pakistan,2024-05-20,customer363@mail.com,568,232,2025-05-06,3,Bank,Completed,568,1455,72.75,44.14,69.11,9,Product 232,Clothing,Max,420,485,362,34.0,150.0,2025-12-25,Damaged,763.61,Approved
364,Customer 364,Male,40,Lahore,Pakistan,2024-06-07,customer364@mail.com,136,137,2025-11-27,5,Wallet,Completed,136,965,48.25,588.91,45.84,17,Product 137,Electronics,Nova,53,193,118,121.0,521.0,2025-08-01,Changed Mind,456.88,Approved
364,Customer 364,Male,40,Lahore,Pakistan,2024-06-07,customer364@mail.com,477,288,2025-08-23,4,Wallet,Completed,477,720,0.0,497.0,36.0,7,Product 288,Clothing,Nova,45,180,284,110.0,477.0,2025-08-23,Late Delivery,393.69,Approved
364,Customer 364,Male,40,Lahore,Pakistan,2024-06-07,customer364@mail.com,477,288,2025-08-23,4,Wallet,Completed,477,720,0.0,497.0,36.0,7,Product 288,Clothing,Nova,45,180,284,186.0,781.0,2025-07-25,Damaged,565.88,Pending
364,Customer 364,Male,40,Lahore,Pakistan,2024-06-07,customer364@mail.com,759,102,2025-04-08,1,Bank,Completed,759,308,0.0,35.6,15.4,7,Product 102,Home,Prime,250,308,499,,,,,,
365,Customer 365,Female,46,Karachi,Pakistan,2024-01-30,customer365@mail.com,228,459,2025-08-21,2,Cash,Completed,228,1198,59.9,70.19,56.91,13,Product 459,Books,Max,499,599,321,,,,,,
365,Customer 365,Female,46,Karachi,Pakistan,2024-01-30,customer365@mail.com,281,196,2025-07-15,4,Wallet,Completed,281,2228,222.8,399.94,100.26,9,Product 196,Sports,Prime,374,557,44,129.0,554.0,2025-02-16,Late Delivery,955.84,Approved
365,Customer 365,Female,46,Karachi,Pakistan,2024-01-30,customer365@mail.com,898,43,2025-10-13,3,Card,Completed,898,1227,122.7,323.08,55.22,9,Product 43,Home,Nova,239,409,17,180.0,764.0,2025-05-07,Damaged,943.17,Pending
365,Customer 365,Female,46,Karachi,Pakistan,2024-01-30,customer365@mail.com,898,43,2025-10-13,3,Card,Completed,898,1227,122.7,323.08,55.22,9,Product 43,Home,Nova,239,409,17,194.0,809.0,2025-08-04,Damaged,922.89,Pending
366,Customer 366,Female,36,Lahore,Pakistan,2024-11-26,customer366@mail.com,259,443,2025-03-01,5,Cash,Completed,259,1275,63.75,-43.31,60.56,4,Product 443,Home,Nova,238,255,150,31.0,142.0,2025-08-28,Wrong Item,894.36,Pending
366,Customer 366,Female,36,Lahore,Pakistan,2024-11-26,customer366@mail.com,271,408,2025-06-16,1,Cash,Completed,271,256,12.8,72.04,12.16,20,Product 408,Sports,Prime,139,256,125,168.0,705.0,2025-09-24,Late Delivery,474.2,Approved
366,Customer 366,Female,36,Lahore,Pakistan,2024-11-26,customer366@mail.com,271,408,2025-06-16,1,Cash,Completed,271,256,12.8,72.04,12.16,20,Product 408,Sports,Prime,139,256,125,202.0,826.0,2025-09-02,Damaged,711.65,Approved
366,Customer 366,Female,36,Lahore,Pakistan,2024-11-26,customer366@mail.com,416,393,2025-10-31,5,Bank,Completed,416,2575,257.5,-248.38,115.88,15,Product 393,Home,Max,487,515,324,93.0,426.0,2025-06-14,Damaged,1055.55,Pending
366,Customer 366,Female,36,Lahore,Pakistan,2024-11-26,customer366@mail.com,644,487,2025-03-13,4,Wallet,Completed,644,2504,125.2,255.86,118.94,8,Product 487,Sports,Alpha,499,626,29,151.0,644.0,2025-03-13,Damaged,1210.89,Approved
367,Customer 367,Male,57,Faisalabad,Pakistan,2024-08-24,customer367@mail.com,407,99,2025-03-29,3,Cash,Completed,407,1446,144.6,-56.67,65.07,6,Product 99,Electronics,Prime,429,482,203,,,,,,
367,Customer 367,Male,57,Faisalabad,Pakistan,2024-08-24,customer367@mail.com,648,338,2025-07-19,1,Bank,Completed,648,456,22.8,-8.46,21.66,4,Product 338,Electronics,Alpha,416,456,41,41.0,206.0,2025-02-25,Damaged,897.18,Pending
367,Customer 367,Male,57,Faisalabad,Pakistan,2024-08-24,customer367@mail.com,648,338,2025-07-19,1,Bank,Completed,648,456,22.8,-8.46,21.66,4,Product 338,Electronics,Alpha,416,456,41,128.0,551.0,2025-04-03,Changed Mind,1847.18,Approved
367,Customer 367,Male,57,Faisalabad,Pakistan,2024-08-24,customer367@mail.com,648,338,2025-07-19,1,Bank,Completed,648,456,22.8,-8.46,21.66,4,Product 338,Electronics,Alpha,416,456,41,212.0,859.0,2025-06-07,Damaged,1175.22,Approved
367,Customer 367,Male,57,Faisalabad,Pakistan,2024-08-24,customer367@mail.com,954,440,2025-05-23,2,Bank,Completed,954,214,10.7,16.13,10.17,5,Product 440,Home,Max,86,107,216,116.0,501.0,2025-04-08,Damaged,361.34,Approved
368,Customer 368,Male,46,Peshawar,Pakistan,2024-06-13,customer368@mail.com,336,256,2025-02-15,5,Bank,Completed,336,2185,109.25,255.96,103.79,16,Product 256,Home,Alpha,340,437,200,68.0,336.0,2025-02-15,Damaged,1282.44,Approved
368,Customer 368,Male,46,Peshawar,Pakistan,2024-06-13,customer368@mail.com,743,452,2025-06-06,2,Cash,Completed,743,1252,62.6,219.93,59.47,16,Product 452,Electronics,Eco,447,626,476,,,,,,
370,Customer 370,Female,24,Multan,Pakistan,2024-12-31,customer370@mail.com,324,22,2025-03-02,4,Card,Completed,324,1920,192.0,458.6,86.4,19,Product 22,Home,Prime,291,480,72,,,,,,
370,Customer 370,Female,24,Multan,Pakistan,2024-12-31,customer370@mail.com,666,102,2025-08-06,2,Card,Completed,666,616,61.6,16.68,27.72,10,Product 102,Home,Prime,250,308,499,,,,,,
371,Customer 371,Male,50,Islamabad,Pakistan,2024-01-21,customer371@mail.com,188,167,2025-03-30,4,Wallet,Completed,188,908,90.8,350.34,40.86,6,Product 167,Electronics,Nova,105,227,165,,,,,,
371,Customer 371,Male,50,Islamabad,Pakistan,2024-01-21,customer371@mail.com,793,270,2025-01-07,2,Cash,Completed,793,582,29.1,48.26,27.64,15,Product 270,Electronics,Alpha,231,291,81,190.0,793.0,2025-01-07,Damaged,504.95,Approved
372,Customer 372,Male,46,Rawalpindi,Pakistan,2024-09-25,customer372@mail.com,298,327,2025-04-18,2,Bank,Completed,298,294,0.0,52.3,14.7,11,Product 327,Books,Alpha,108,147,89,,,,,,
374,Customer 374,Female,44,Multan,Pakistan,2024-12-13,customer374@mail.com,376,465,2025-06-23,4,Cash,Completed,376,1060,106.0,584.3,47.7,18,Product 465,Electronics,Eco,76,265,161,,,,,,
374,Customer 374,Female,44,Multan,Pakistan,2024-12-13,customer374@mail.com,578,401,2025-04-09,3,Cash,Completed,578,750,75.0,-47.75,33.75,20,Product 401,Home,Max,223,250,255,120.0,517.0,2025-10-15,Wrong Item,125.78,Pending
376,Customer 376,Female,24,Faisalabad,Pakistan,2024-05-25,customer376@mail.com,683,221,2025-04-01,2,Bank,Completed,683,734,0.0,174.3,36.7,7,Product 221,Sports,Eco,258,367,373,162.0,683.0,2025-04-01,Damaged,433.79,Pending
376,Customer 376,Female,24,Faisalabad,Pakistan,2024-05-25,customer376@mail.com,813,14,2025-07-10,4,Cash,Completed,813,1772,177.2,237.06,79.74,6,Product 14,Electronics,Nova,318,443,275,79.0,389.0,2025-03-20,Late Delivery,350.55,Pending
377,Customer 377,Female,60,Islamabad,Pakistan,2024-06-19,customer377@mail.com,197,269,2025-05-05,2,Cash,Completed,197,862,43.1,-14.05,40.95,16,Product 269,Sports,Max,388,431,361,,,,,,
377,Customer 377,Female,60,Islamabad,Pakistan,2024-06-19,customer377@mail.com,469,306,2025-02-07,3,Cash,Completed,469,711,71.1,96.9,32.0,4,Product 306,Sports,Prime,169,237,148,107.0,469.0,2025-02-07,Changed Mind,617.84,Pending
377,Customer 377,Female,60,Islamabad,Pakistan,2024-06-19,customer377@mail.com,983,417,2025-04-23,3,Wallet,Completed,983,792,79.2,467.16,35.64,12,Product 417,Sports,Nova,66,264,495,56.0,276.0,2025-07-14,Damaged,1139.28,Approved
378,Customer 378,Male,55,Islamabad,Pakistan,2024-06-28,customer378@mail.com,329,348,2025-06-16,4,Cash,Completed,329,2000,200.0,-138.0,90.0,20,Product 348,Electronics,Max,457,500,327,67.0,329.0,2025-06-16,Wrong Item,1652.78,Approved
378,Customer 378,Male,55,Islamabad,Pakistan,2024-06-28,customer378@mail.com,329,348,2025-06-16,4,Cash,Completed,329,2000,200.0,-138.0,90.0,20,Product 348,Electronics,Max,457,500,327,90.0,419.0,2025-04-02,Damaged,364.94,Approved
378,Customer 378,Male,55,Islamabad,Pakistan,2024-06-28,customer378@mail.com,329,348,2025-06-16,4,Cash,Completed,329,2000,200.0,-138.0,90.0,20,Product 348,Electronics,Max,457,500,327,170.0,716.0,2025-01-29,Late Delivery,499.92,Pending
378,Customer 378,Male,55,Islamabad,Pakistan,2024-06-28,customer378@mail.com,446,200,2025-08-05,2,Card,Completed,446,350,0.0,154.5,17.5,6,Product 200,Books,Eco,86,175,500,102.0,446.0,2025-08-05,Changed Mind,344.74,Pending
379,Customer 379,Female,59,Faisalabad,Pakistan,2024-03-07,customer379@mail.com,203,276,2025-04-15,2,Bank,Completed,203,860,86.0,177.3,38.7,18,Product 276,Books,Nova,270,430,392,,,,,,
380,Customer 380,Male,37,Faisalabad,Pakistan,2024-11-25,customer380@mail.com,739,348,2025-10-10,5,Wallet,Completed,739,2500,125.0,-35.75,118.75,7,Product 348,Electronics,Max,457,500,327,67.0,329.0,2025-06-16,Wrong Item,1652.78,Approved
380,Customer 380,Male,37,Faisalabad,Pakistan,2024-11-25,customer380@mail.com,739,348,2025-10-10,5,Wallet,Completed,739,2500,125.0,-35.75,118.75,7,Product 348,Electronics,Max,457,500,327,90.0,419.0,2025-04-02,Damaged,364.94,Approved
380,Customer 380,Male,37,Faisalabad,Pakistan,2024-11-25,customer380@mail.com,739,348,2025-10-10,5,Wallet,Completed,739,2500,125.0,-35.75,118.75,7,Product 348,Electronics,Max,457,500,327,170.0,716.0,2025-01-29,Late Delivery,499.92,Pending
381,Customer 381,Female,26,Lahore,Pakistan,2024-11-26,customer381@mail.com,760,170,2025-03-24,1,Card,Completed,760,593,29.65,102.18,28.17,11,Product 170,Books,Nova,422,593,163,179.0,760.0,2025-03-24,Changed Mind,419.43,Approved
382,Customer 382,Female,50,Multan,Pakistan,2024-01-10,customer382@mail.com,23,335,2025-02-22,1,Wallet,Completed,23,432,21.6,34.88,20.52,4,Product 335,Home,Nova,351,432,25,66.0,326.0,2025-08-30,Late Delivery,352.65,Approved
384,Customer 384,Female,49,Peshawar,Pakistan,2024-04-25,customer384@mail.com,511,45,2025-03-08,4,Card,Completed,511,1784,0.0,118.8,89.2,8,Product 45,Clothing,Max,392,446,448,,,,,,
384,Customer 384,Female,49,Peshawar,Pakistan,2024-04-25,customer384@mail.com,643,238,2025-08-25,4,Cash,Completed,643,2320,0.0,408.0,116.0,20,Product 238,Electronics,Nova,444,580,394,,,,,,
384,Customer 384,Female,49,Peshawar,Pakistan,2024-04-25,customer384@mail.com,748,177,2025-12-05,2,Cash,Completed,748,998,99.8,128.29,44.91,17,Product 177,Electronics,Eco,354,499,492,,,,,,
385,Customer 385,Male,27,Lahore,Pakistan,2024-05-31,customer385@mail.com,254,158,2025-12-30,3,Cash,Completed,254,732,36.6,5.63,34.77,16,Product 158,Electronics,Alpha,213,244,191,51.0,254.0,2025-12-30,Late Delivery,652.65,Pending
385,Customer 385,Male,27,Lahore,Pakistan,2024-05-31,customer385@mail.com,254,158,2025-12-30,3,Cash,Completed,254,732,36.6,5.63,34.77,16,Product 158,Electronics,Alpha,213,244,191,130.0,555.0,2025-12-14,Late Delivery,836.09,Pending
385,Customer 385,Male,27,Lahore,Pakistan,2024-05-31,customer385@mail.com,692,418,2025-07-08,2,Wallet,Completed,692,298,29.8,56.79,13.41,18,Product 418,Clothing,Nova,90,149,31,,,,,,
386,Customer 386,Male,50,Karachi,Pakistan,2024-12-04,customer386@mail.com,125,191,2025-07-25,3,Bank,Completed,125,984,49.2,265.06,46.74,8,Product 191,Books,Max,205,328,87,,,,,,
386,Customer 386,Male,50,Karachi,Pakistan,2024-12-04,customer386@mail.com,193,305,2025-09-16,5,Cash,Completed,193,2550,0.0,-73.5,127.5,16,Product 305,Books,Eco,496,510,124,,,,,,
386,Customer 386,Male,50,Karachi,Pakistan,2024-12-04,customer386@mail.com,558,259,2025-02-28,4,Bank,Completed,558,944,0.0,679.8,47.2,13,Product 259,Electronics,Alpha,51,236,119,86.0,408.0,2025-07-07,Changed Mind,607.5,Pending
386,Customer 386,Male,50,Karachi,Pakistan,2024-12-04,customer386@mail.com,558,259,2025-02-28,4,Bank,Completed,558,944,0.0,679.8,47.2,13,Product 259,Electronics,Alpha,51,236,119,91.0,421.0,2025-10-05,Changed Mind,562.0,Approved
386,Customer 386,Male,50,Karachi,Pakistan,2024-12-04,customer386@mail.com,725,18,2025-03-05,1,Bank,Completed,725,589,29.45,111.57,27.98,20,Product 18,Home,Max,400,589,257,174.0,725.0,2025-03-05,Damaged,553.14,Approved
388,Customer 388,Female,27,Islamabad,Pakistan,2024-04-02,customer388@mail.com,164,178,2025-04-09,4,Cash,Completed,164,1700,170.0,-29.5,76.5,15,Product 178,Sports,Prime,367,425,435,,,,,,
388,Customer 388,Female,27,Islamabad,Pakistan,2024-04-02,customer388@mail.com,622,336,2025-08-30,1,Card,Completed,622,600,30.0,39.5,28.5,10,Product 336,Sports,Max,492,600,393,144.0,622.0,2025-08-30,Changed Mind,498.5,Approved
391,Customer 391,Female,46,Peshawar,Pakistan,2024-09-30,customer391@mail.com,939,448,2025-08-24,5,Cash,Completed,939,795,0.0,311.25,39.75,4,Product 448,Electronics,Prime,88,159,24,208.0,842.0,2025-08-03,Changed Mind,301.58,Pending
392,Customer 392,Male,37,Rawalpindi,Pakistan,2024-04-09,customer392@mail.com,118,439,2025-01-22,5,Wallet,Completed,118,1845,92.25,307.11,87.64,13,Product 439,Electronics,Max,269,369,415,230.0,920.0,2025-12-04,Changed Mind,553.02,Pending
392,Customer 392,Male,37,Rawalpindi,Pakistan,2024-04-09,customer392@mail.com,308,461,2025-04-05,5,Cash,Completed,308,1260,126.0,184.3,56.7,8,Product 461,Home,Prime,177,252,143,,,,,,
393,Customer 393,Female,54,Rawalpindi,Pakistan,2024-08-24,customer393@mail.com,94,120,2025-05-26,1,Wallet,Completed,94,462,23.1,-30.05,21.95,9,Product 120,Electronics,Alpha,438,462,221,22.0,94.0,2025-05-26,Damaged,382.64,Approved
394,Customer 394,Female,42,Faisalabad,Pakistan,2024-03-23,customer394@mail.com,231,88,2025-10-17,3,Card,Completed,231,1482,0.0,41.9,74.1,7,Product 88,Books,Nova,453,494,221,48.0,231.0,2025-10-17,Changed Mind,1268.63,Pending
394,Customer 394,Female,42,Faisalabad,Pakistan,2024-03-23,customer394@mail.com,231,88,2025-10-17,3,Card,Completed,231,1482,0.0,41.9,74.1,7,Product 88,Books,Nova,453,494,221,147.0,629.0,2025-12-12,Changed Mind,296.15,Pending
394,Customer 394,Female,42,Faisalabad,Pakistan,2024-03-23,customer394@mail.com,231,88,2025-10-17,3,Card,Completed,231,1482,0.0,41.9,74.1,7,Product 88,Books,Nova,453,494,221,148.0,631.0,2025-07-30,Damaged,1051.04,Pending
394,Customer 394,Female,42,Faisalabad,Pakistan,2024-03-23,customer394@mail.com,930,288,2025-02-14,2,Bank,Completed,930,360,0.0,243.0,18.0,9,Product 288,Clothing,Nova,45,180,284,110.0,477.0,2025-08-23,Late Delivery,393.69,Approved
394,Customer 394,Female,42,Faisalabad,Pakistan,2024-03-23,customer394@mail.com,930,288,2025-02-14,2,Bank,Completed,930,360,0.0,243.0,18.0,9,Product 288,Clothing,Nova,45,180,284,186.0,781.0,2025-07-25,Damaged,565.88,Pending
395,Customer 395,Male,56,Islamabad,Pakistan,2024-05-08,customer395@mail.com,674,468,2025-09-18,3,Wallet,Completed,674,1689,168.9,302.1,76.0,14,Product 468,Clothing,Max,376,563,336,,,,,,
396,Customer 396,Male,59,Rawalpindi,Pakistan,2024-07-09,customer396@mail.com,54,276,2025-01-04,5,Cash,Completed,54,2150,0.0,683.5,107.5,9,Product 276,Books,Nova,270,430,392,,,,,,
397,Customer 397,Male,51,Lahore,Pakistan,2024-05-25,customer397@mail.com,99,362,2025-03-12,4,Cash,Completed,99,1128,112.8,450.44,50.76,10,Product 362,Home,Prime,126,282,477,,,,,,
397,Customer 397,Male,51,Lahore,Pakistan,2024-05-25,customer397@mail.com,225,424,2025-08-25,3,Card,Completed,225,1581,79.05,325.85,75.1,12,Product 424,Books,Max,363,527,410,,,,,,
399,Customer 399,Male,45,Lahore,Pakistan,2024-04-23,customer399@mail.com,6,135,2025-04-14,5,Bank,Completed,6,1690,169.0,-226.05,76.05,16,Product 135,Clothing,Alpha,331,338,265,,,,,,
400,Customer 400,Female,40,Karachi,Pakistan,2024-07-31,customer400@mail.com,984,283,2025-12-01,3,Card,Completed,984,981,98.1,-87.25,44.15,11,Product 283,Electronics,Prime,305,327,120,,,,,,
401,Customer 401,Male,43,Multan,Pakistan,2024-04-30,customer401@mail.com,405,64,2025-04-16,5,Card,Completed,405,2165,0.0,527.75,108.25,14,Product 64,Electronics,Max,303,433,238,84.0,405.0,2025-04-16,Late Delivery,1240.07,Pending
401,Customer 401,Male,43,Multan,Pakistan,2024-04-30,customer401@mail.com,405,64,2025-04-16,5,Card,Completed,405,2165,0.0,527.75,108.25,14,Product 64,Electronics,Max,303,433,238,157.0,659.0,2025-05-02,Late Delivery,892.75,Approved
401,Customer 401,Male,43,Multan,Pakistan,2024-04-30,customer401@mail.com,529,333,2025-04-12,4,Bank,Completed,529,2080,0.0,244.0,104.0,4,Product 333,Clothing,Alpha,432,520,374,,,,,,
401,Customer 401,Male,43,Multan,Pakistan,2024-04-30,customer401@mail.com,562,126,2025-08-05,5,Wallet,Completed,562,2325,0.0,825.75,116.25,3,Product 126,Home,Max,276,465,156,,,,,,
401,Customer 401,Male,43,Multan,Pakistan,2024-04-30,customer401@mail.com,737,474,2025-03-31,1,Bank,Completed,737,534,53.4,-12.43,24.03,18,Product 474,Sports,Prime,451,534,200,176.0,737.0,2025-03-31,Late Delivery,324.14,Pending
401,Customer 401,Male,43,Multan,Pakistan,2024-04-30,customer401@mail.com,975,436,2025-01-11,2,Cash,Completed,975,706,0.0,345.7,35.3,9,Product 436,Sports,Prime,158,353,147,,,,,,
401,Customer 401,Male,43,Multan,Pakistan,2024-04-30,customer401@mail.com,992,374,2025-02-25,1,Wallet,Completed,992,495,49.5,32.22,22.28,12,Product 374,Sports,Prime,379,495,99,,,,,,
401,Customer 401,Male,43,Multan,Pakistan,2024-04-30,customer401@mail.com,996,335,2025-01-07,5,Cash,Completed,996,2160,108.0,181.4,102.6,13,Product 335,Home,Nova,351,432,25,66.0,326.0,2025-08-30,Late Delivery,352.65,Approved
402,Customer 402,Female,23,Multan,Pakistan,2024-04-24,customer402@mail.com,515,182,2025-10-13,1,Bank,Completed,515,392,0.0,119.4,19.6,19,Product 182,Sports,Max,234,392,215,,,,,,
402,Customer 402,Female,23,Multan,Pakistan,2024-04-24,customer402@mail.com,536,418,2025-12-11,5,Card,Completed,536,745,74.5,171.98,33.52,15,Product 418,Clothing,Nova,90,149,31,,,,,,
402,Customer 402,Female,23,Multan,Pakistan,2024-04-24,customer402@mail.com,894,23,2025-01-25,1,Bank,Completed,894,476,0.0,143.2,23.8,11,Product 23,Books,Eco,298,476,468,,,,,,
403,Customer 403,Male,38,Lahore,Pakistan,2024-12-31,customer403@mail.com,153,410,2025-07-10,4,Wallet,Completed,153,2292,229.2,395.66,103.14,4,Product 410,Electronics,Alpha,390,573,352,,,,,,
403,Customer 403,Male,38,Lahore,Pakistan,2024-12-31,customer403@mail.com,340,15,2025-09-21,4,Cash,Completed,340,1036,0.0,530.2,51.8,10,Product 15,Home,Eco,111,259,279,,,,,,
404,Customer 404,Female,27,Islamabad,Pakistan,2024-01-20,customer404@mail.com,42,500,2025-10-10,3,Cash,Completed,42,1056,0.0,-21.8,52.8,11,Product 500,Sports,Prime,338,352,404,10.0,42.0,2025-10-10,Changed Mind,986.75,Approved
404,Customer 404,Female,27,Islamabad,Pakistan,2024-01-20,customer404@mail.com,42,500,2025-10-10,3,Cash,Completed,42,1056,0.0,-21.8,52.8,11,Product 500,Sports,Prime,338,352,404,139.0,603.0,2025-04-12,Wrong Item,211.01,Pending
404,Customer 404,Female,27,Islamabad,Pakistan,2024-01-20,customer404@mail.com,113,113,2025-06-11,2,Wallet,Completed,113,276,13.8,64.09,13.11,19,Product 113,Home,Nova,83,138,204,18.0,77.0,2025-04-29,Late Delivery,437.5,Pending
404,Customer 404,Female,27,Islamabad,Pakistan,2024-01-20,customer404@mail.com,734,223,2025-01-14,4,Card,Completed,734,1224,0.0,-24.2,61.2,11,Product 223,Clothing,Prime,294,306,26,114.0,497.0,2025-01-10,Changed Mind,1203.35,Pending
404,Customer 404,Female,27,Islamabad,Pakistan,2024-01-20,customer404@mail.com,734,223,2025-01-14,4,Card,Completed,734,1224,0.0,-24.2,61.2,11,Product 223,Clothing,Prime,294,306,26,175.0,734.0,2025-01-14,Changed Mind,679.31,Approved
405,Customer 405,Female,48,Islamabad,Pakistan,2024-12-27,customer405@mail.com,247,35,2025-06-03,3,Bank,Completed,247,1065,0.0,0.75,53.25,6,Product 35,Electronics,Max,335,355,128,238.0,966.0,2025-08-07,Damaged,1077.25,Approved
405,Customer 405,Female,48,Islamabad,Pakistan,2024-12-27,customer405@mail.com,346,407,2025-03-29,5,Card,Completed,346,1495,0.0,404.25,74.75,16,Product 407,Clothing,Eco,200,299,32,,,,,,
405,Customer 405,Female,48,Islamabad,Pakistan,2024-12-27,customer405@mail.com,442,412,2025-12-04,3,Card,Completed,442,924,92.4,-77.98,41.58,4,Product 412,Sports,Max,288,308,224,23.0,102.0,2025-03-16,Late Delivery,175.06,Approved
406,Customer 406,Female,46,Karachi,Pakistan,2024-02-10,customer406@mail.com,163,55,2025-09-07,2,Card,Completed,163,358,17.9,67.09,17.01,20,Product 55,Clothing,Eco,118,179,88,7.0,27.0,2025-03-26,Wrong Item,144.17,Approved
406,Customer 406,Female,46,Karachi,Pakistan,2024-02-10,customer406@mail.com,163,55,2025-09-07,2,Card,Completed,163,358,17.9,67.09,17.01,20,Product 55,Clothing,Eco,118,179,88,215.0,869.0,2025-05-25,Wrong Item,330.19,Pending
406,Customer 406,Female,46,Karachi,Pakistan,2024-02-10,customer406@mail.com,762,11,2025-03-21,2,Bank,Completed,762,1348,134.8,169.54,60.66,3,Product 11,Electronics,Nova,490,674,19,,,,,,
408,Customer 408,Female,25,Quetta,Pakistan,2024-05-01,customer408@mail.com,146,4,2025-07-11,5,Card,Completed,146,1870,93.5,202.67,88.83,20,Product 4,Sports,Alpha,293,374,198,,,,,,
409,Customer 409,Female,25,Karachi,Pakistan,2024-05-02,customer409@mail.com,41,357,2025-12-21,3,Cash,Completed,41,1488,74.4,67.92,70.68,15,Product 357,Electronics,Eco,420,496,281,,,,,,
409,Customer 409,Female,25,Karachi,Pakistan,2024-05-02,customer409@mail.com,483,29,2025-10-08,1,Wallet,Completed,483,371,0.0,32.45,18.55,15,Product 29,Clothing,Alpha,305,371,352,,,,,,
410,Customer 410,Female,58,Rawalpindi,Pakistan,2024-02-02,customer410@mail.com,328,316,2025-02-02,2,Card,Completed,328,698,34.9,252.94,33.16,13,Product 316,Electronics,Prime,182,349,10,,,,,,
410,Customer 410,Female,58,Rawalpindi,Pakistan,2024-02-02,customer410@mail.com,607,320,2025-12-31,4,Cash,Completed,607,364,0.0,230.8,18.2,7,Product 320,Books,Eco,27,91,368,,,,,,
410,Customer 410,Female,58,Rawalpindi,Pakistan,2024-02-02,customer410@mail.com,927,151,2025-08-21,1,Cash,Completed,927,507,0.0,116.65,25.35,12,Product 151,Sports,Alpha,353,507,405,117.0,503.0,2025-07-20,Changed Mind,2224.78,Pending
411,Customer 411,Male,49,Karachi,Pakistan,2024-11-19,customer411@mail.com,101,282,2025-12-23,5,Cash,Completed,101,2015,0.0,129.25,100.75,15,Product 282,Sports,Alpha,354,403,18,,,,,,
411,Customer 411,Male,49,Karachi,Pakistan,2024-11-19,customer411@mail.com,862,478,2025-08-08,5,Card,Completed,862,1185,118.5,478.17,53.33,15,Product 478,Electronics,Eco,104,237,281,,,,,,
411,Customer 411,Male,49,Karachi,Pakistan,2024-11-19,customer411@mail.com,966,35,2025-08-07,4,Wallet,Completed,966,1420,0.0,4.0,71.0,5,Product 35,Electronics,Max,335,355,128,238.0,966.0,2025-08-07,Damaged,1077.25,Approved
413,Customer 413,Male,57,Multan,Pakistan,2024-05-03,customer413@mail.com,144,46,2025-06-07,4,Bank,Completed,144,1760,88.0,249.4,83.6,11,Product 46,Sports,Max,332,440,177,32.0,144.0,2025-06-07,Wrong Item,844.82,Pending
413,Customer 413,Male,57,Multan,Pakistan,2024-05-03,customer413@mail.com,855,429,2025-02-15,1,Cash,Completed,855,469,46.9,44.99,21.11,16,Product 429,Books,Max,340,469,252,210.0,855.0,2025-02-15,Damaged,369.33,Pending
414,Customer 414,Female,29,Lahore,Pakistan,2024-09-25,customer414@mail.com,334,406,2025-12-21,4,Card,Completed,334,1548,0.0,331.6,77.4,7,Product 406,Clothing,Prime,283,387,463,223.0,895.0,2025-05-19,Wrong Item,1021.16,Pending
414,Customer 414,Female,29,Lahore,Pakistan,2024-09-25,customer414@mail.com,552,274,2025-06-14,5,Wallet,Completed,552,2350,235.0,445.25,105.75,4,Product 274,Books,Prime,312,470,408,,,,,,
414,Customer 414,Female,29,Lahore,Pakistan,2024-09-25,customer414@mail.com,871,83,2025-06-02,2,Cash,Completed,871,1068,0.0,312.6,53.4,4,Product 83,Electronics,Nova,349,534,389,85.0,406.0,2025-11-10,Damaged,1896.13,Approved
414,Customer 414,Female,29,Lahore,Pakistan,2024-09-25,customer414@mail.com,871,83,2025-06-02,2,Cash,Completed,871,1068,0.0,312.6,53.4,4,Product 83,Electronics,Nova,349,534,389,99.0,440.0,2025-12-18,Wrong Item,906.99,Pending
414,Customer 414,Female,29,Lahore,Pakistan,2024-09-25,customer414@mail.com,871,83,2025-06-02,2,Cash,Completed,871,1068,0.0,312.6,53.4,4,Product 83,Electronics,Nova,349,534,389,217.0,871.0,2025-06-02,Late Delivery,717.06,Pending
415,Customer 415,Female,22,Karachi,Pakistan,2024-07-18,customer415@mail.com,131,132,2025-01-11,3,Wallet,Completed,131,1269,0.0,108.55,63.45,14,Product 132,Home,Alpha,361,423,344,204.0,832.0,2025-11-29,Changed Mind,1572.72,Pending
415,Customer 415,Female,22,Karachi,Pakistan,2024-07-18,customer415@mail.com,350,409,2025-08-20,1,Wallet,Completed,350,506,0.0,42.7,25.3,5,Product 409,Books,Alpha,433,506,87,,,,,,
417,Customer 417,Female,19,Multan,Pakistan,2024-02-04,customer417@mail.com,722,359,2025-07-21,1,Wallet,Completed,722,304,0.0,138.8,15.2,19,Product 359,Clothing,Prime,131,304,283,182.0,768.0,2025-04-24,Damaged,412.14,Pending
417,Customer 417,Female,19,Multan,Pakistan,2024-02-04,customer417@mail.com,850,187,2025-06-04,1,Bank,Completed,850,463,46.3,96.86,20.84,6,Product 187,Sports,Prime,293,463,417,,,,,,
417,Customer 417,Female,19,Multan,Pakistan,2024-02-04,customer417@mail.com,950,218,2025-01-15,2,Bank,Completed,950,572,28.6,178.23,27.17,6,Product 218,Books,Alpha,166,286,453,,,,,,
418,Customer 418,Female,33,Lahore,Pakistan,2024-10-24,customer418@mail.com,706,483,2025-04-23,3,Wallet,Completed,706,1134,113.4,-31.43,51.03,17,Product 483,Home,Alpha,328,378,12,169.0,706.0,2025-04-23,Damaged,654.92,Pending
419,Customer 419,Female,26,Karachi,Pakistan,2024-06-29,customer419@mail.com,190,223,2025-03-03,4,Card,Completed,190,1224,122.4,-132.48,55.08,3,Product 223,Clothing,Prime,294,306,26,114.0,497.0,2025-01-10,Changed Mind,1203.35,Pending
419,Customer 419,Female,26,Karachi,Pakistan,2024-06-29,customer419@mail.com,190,223,2025-03-03,4,Card,Completed,190,1224,122.4,-132.48,55.08,3,Product 223,Clothing,Prime,294,306,26,175.0,734.0,2025-01-14,Changed Mind,679.31,Approved
419,Customer 419,Female,26,Karachi,Pakistan,2024-06-29,customer419@mail.com,317,400,2025-03-04,4,Bank,Completed,317,1200,60.0,47.0,57.0,12,Product 400,Electronics,Prime,256,300,11,,,,,,
420,Customer 420,Female,59,Islamabad,Pakistan,2024-12-16,customer420@mail.com,104,90,2025-08-13,4,Cash,Completed,104,2000,0.0,653.0,100.0,19,Product 90,Clothing,Eco,307,500,294,,,,,,
420,Customer 420,Female,59,Islamabad,Pakistan,2024-12-16,customer420@mail.com,168,135,2025-07-07,5,Wallet,Completed,168,1690,0.0,-68.5,84.5,19,Product 135,Clothing,Alpha,331,338,265,,,,,,
421,Customer 421,Female,48,Islamabad,Pakistan,2024-03-10,customer421@mail.com,115,176,2025-10-11,1,Card,Completed,115,349,17.45,8.97,16.58,13,Product 176,Books,Max,293,349,102,,,,,,
422,Customer 422,Male,47,Karachi,Pakistan,2024-05-30,customer422@mail.com,398,74,2025-03-12,1,Bank,Completed,398,539,26.95,23.45,25.6,18,Product 74,Electronics,Nova,445,539,285,,,,,,
422,Customer 422,Male,47,Karachi,Pakistan,2024-05-30,customer422@mail.com,466,145,2025-08-03,2,Card,Completed,466,1170,58.5,266.92,55.58,7,Product 145,Clothing,Alpha,391,585,266,106.0,466.0,2025-08-03,Wrong Item,1098.23,Pending
422,Customer 422,Male,47,Karachi,Pakistan,2024-05-30,customer422@mail.com,846,481,2025-01-08,3,Card,Completed,846,1773,88.65,186.13,84.22,7,Product 481,Clothing,Prime,469,591,451,,,,,,
423,Customer 423,Male,20,Peshawar,Pakistan,2024-01-22,customer423@mail.com,25,28,2025-08-21,2,Bank,Completed,25,368,36.8,8.64,16.56,18,Product 28,Electronics,Max,144,184,389,72.0,343.0,2025-03-16,Changed Mind,454.9,Approved
423,Customer 423,Male,20,Peshawar,Pakistan,2024-01-22,customer423@mail.com,222,195,2025-07-21,3,Cash,Completed,222,1038,103.8,125.49,46.71,6,Product 195,Sports,Alpha,252,346,234,,,,,,
424,Customer 424,Female,37,Faisalabad,Pakistan,2024-10-05,customer424@mail.com,223,450,2025-05-06,1,Wallet,Completed,223,558,55.8,-25.91,25.11,4,Product 450,Clothing,Nova,499,558,356,,,,,,
425,Customer 425,Female,34,Karachi,Pakistan,2024-11-27,customer425@mail.com,255,487,2025-04-21,3,Bank,Completed,255,1878,0.0,281.1,93.9,6,Product 487,Sports,Alpha,499,626,29,151.0,644.0,2025-03-13,Damaged,1210.89,Approved
425,Customer 425,Female,34,Karachi,Pakistan,2024-11-27,customer425@mail.com,957,207,2025-01-24,1,Cash,Completed,957,227,22.7,81.08,10.22,8,Product 207,Electronics,Prime,105,227,353,213.0,863.0,2025-09-22,Damaged,582.63,Pending
425,Customer 425,Female,34,Karachi,Pakistan,2024-11-27,customer425@mail.com,957,207,2025-01-24,1,Cash,Completed,957,227,22.7,81.08,10.22,8,Product 207,Electronics,Prime,105,227,353,236.0,957.0,2025-01-24,Changed Mind,170.11,Pending
426,Customer 426,Male,36,Multan,Pakistan,2024-01-25,customer426@mail.com,167,307,2025-03-24,5,Cash,Completed,167,2255,225.5,-213.98,101.48,7,Product 307,Books,Prime,427,451,71,,,,,,
426,Customer 426,Male,36,Multan,Pakistan,2024-01-25,customer426@mail.com,651,341,2025-03-27,2,Cash,Completed,651,322,16.1,-2.39,15.29,19,Product 341,Electronics,Alpha,137,161,111,153.0,651.0,2025-03-27,Wrong Item,202.99,Approved
427,Customer 427,Female,35,Lahore,Pakistan,2024-07-07,customer427@mail.com,510,482,2025-08-30,3,Card,Completed,510,1266,126.6,-39.57,56.97,9,Product 482,Electronics,Eco,371,422,180,,,,,,
427,Customer 427,Female,35,Lahore,Pakistan,2024-07-07,customer427@mail.com,697,345,2025-08-28,5,Card,Completed,697,3075,153.75,644.19,146.06,6,Product 345,Sports,Eco,425,615,25,,,,,,
427,Customer 427,Female,35,Lahore,Pakistan,2024-07-07,customer427@mail.com,965,107,2025-08-31,5,Bank,Completed,965,1920,96.0,497.8,91.2,20,Product 107,Home,Prime,243,384,143,,,,,,
428,Customer 428,Female,43,Rawalpindi,Pakistan,2024-07-16,customer428@mail.com,172,481,2025-04-02,2,Cash,Completed,172,1182,0.0,178.9,59.1,6,Product 481,Clothing,Prime,469,591,451,,,,,,
428,Customer 428,Female,43,Rawalpindi,Pakistan,2024-07-16,customer428@mail.com,478,87,2025-05-20,5,Card,Completed,478,2440,244.0,528.2,109.8,3,Product 87,Home,Nova,311,488,164,,,,,,
428,Customer 428,Female,43,Rawalpindi,Pakistan,2024-07-16,customer428@mail.com,596,287,2025-08-05,1,Bank,Completed,596,364,0.0,16.8,18.2,9,Product 287,Home,Alpha,320,364,168,,,,,,
431,Customer 431,Female,23,Faisalabad,Pakistan,2024-11-04,customer431@mail.com,592,100,2025-03-06,5,Bank,Completed,592,2540,127.0,531.35,120.65,16,Product 100,Books,Alpha,349,508,457,,,,,,
432,Customer 432,Male,52,Quetta,Pakistan,2024-06-13,customer432@mail.com,154,385,2025-01-29,2,Bank,Completed,154,336,16.8,26.24,15.96,5,Product 385,Electronics,Alpha,136,168,207,158.0,662.0,2025-04-28,Wrong Item,84.12,Approved
432,Customer 432,Male,52,Quetta,Pakistan,2024-06-13,customer432@mail.com,240,282,2025-05-30,1,Wallet,Completed,240,403,0.0,22.85,20.15,6,Product 282,Sports,Alpha,354,403,18,,,,,,
432,Customer 432,Male,52,Quetta,Pakistan,2024-06-13,customer432@mail.com,864,391,2025-10-11,3,Card,Completed,864,507,25.35,34.57,24.08,9,Product 391,Electronics,Prime,138,169,97,214.0,864.0,2025-10-11,Damaged,247.0,Approved
433,Customer 433,Male,23,Multan,Pakistan,2024-12-04,customer433@mail.com,744,47,2025-02-09,1,Card,Completed,744,156,0.0,91.2,7.8,8,Product 47,Electronics,Nova,49,156,81,112.0,488.0,2025-07-08,Changed Mind,448.55,Approved
433,Customer 433,Male,23,Multan,Pakistan,2024-12-04,customer433@mail.com,744,47,2025-02-09,1,Card,Completed,744,156,0.0,91.2,7.8,8,Product 47,Electronics,Nova,49,156,81,159.0,665.0,2025-10-31,Late Delivery,269.1,Approved
434,Customer 434,Female,37,Rawalpindi,Pakistan,2024-11-04,customer434@mail.com,270,88,2025-06-28,3,Card,Completed,270,1482,148.2,-97.89,66.69,6,Product 88,Books,Nova,453,494,221,48.0,231.0,2025-10-17,Changed Mind,1268.63,Pending
434,Customer 434,Female,37,Rawalpindi,Pakistan,2024-11-04,customer434@mail.com,270,88,2025-06-28,3,Card,Completed,270,1482,148.2,-97.89,66.69,6,Product 88,Books,Nova,453,494,221,147.0,629.0,2025-12-12,Changed Mind,296.15,Pending
434,Customer 434,Female,37,Rawalpindi,Pakistan,2024-11-04,customer434@mail.com,270,88,2025-06-28,3,Card,Completed,270,1482,148.2,-97.89,66.69,6,Product 88,Books,Nova,453,494,221,148.0,631.0,2025-07-30,Damaged,1051.04,Pending
434,Customer 434,Female,37,Rawalpindi,Pakistan,2024-11-04,customer434@mail.com,286,375,2025-12-31,2,Bank,Completed,286,1030,51.5,175.57,48.93,20,Product 375,Books,Prime,367,515,124,,,,,,
434,Customer 434,Female,37,Rawalpindi,Pakistan,2024-11-04,customer434@mail.com,604,284,2025-04-02,2,Card,Completed,604,90,0.0,27.5,4.5,8,Product 284,Sports,Max,25,45,156,,,,,,
434,Customer 434,Female,37,Rawalpindi,Pakistan,2024-11-04,customer434@mail.com,997,92,2025-08-25,4,Cash,Completed,997,1436,71.8,200.99,68.21,3,Product 92,Sports,Eco,273,359,86,,,,,,
435,Customer 435,Female,28,Rawalpindi,Pakistan,2024-06-28,customer435@mail.com,72,260,2025-10-25,1,Wallet,Completed,72,273,27.3,-24.59,12.29,9,Product 260,Clothing,Max,249,273,125,,,,,,
435,Customer 435,Female,28,Rawalpindi,Pakistan,2024-06-28,customer435@mail.com,243,163,2025-09-27,3,Bank,Completed,243,672,0.0,194.4,33.6,18,Product 163,Home,Eco,142,224,84,,,,,,
435,Customer 435,Female,28,Rawalpindi,Pakistan,2024-06-28,customer435@mail.com,504,254,2025-11-02,5,Bank,Completed,504,3045,0.0,399.75,152.25,18,Product 254,Clothing,Nova,495,609,461,118.0,507.0,2025-11-27,Wrong Item,1862.95,Pending
435,Customer 435,Female,28,Rawalpindi,Pakistan,2024-06-28,customer435@mail.com,504,254,2025-11-02,5,Bank,Completed,504,3045,0.0,399.75,152.25,18,Product 254,Clothing,Nova,495,609,461,247.0,1000.0,2025-04-27,Wrong Item,1007.65,Pending
436,Customer 436,Female,20,Multan,Pakistan,2024-11-10,customer436@mail.com,589,196,2025-02-19,4,Wallet,Completed,589,2228,0.0,617.6,111.4,3,Product 196,Sports,Prime,374,557,44,129.0,554.0,2025-02-16,Late Delivery,955.84,Approved
437,Customer 437,Female,35,Karachi,Pakistan,2024-02-08,customer437@mail.com,509,432,2025-03-09,4,Bank,Completed,509,2196,219.6,22.58,98.82,15,Product 432,Clothing,Alpha,460,549,391,,,,,,
438,Customer 438,Female,41,Islamabad,Pakistan,2024-01-16,customer438@mail.com,412,220,2025-02-05,2,Wallet,Completed,412,1050,105.0,39.75,47.25,14,Product 220,Books,Max,422,525,344,88.0,412.0,2025-02-05,Changed Mind,944.4,Approved
438,Customer 438,Female,41,Islamabad,Pakistan,2024-01-16,customer438@mail.com,412,220,2025-02-05,2,Wallet,Completed,412,1050,105.0,39.75,47.25,14,Product 220,Books,Max,422,525,344,145.0,624.0,2025-04-18,Wrong Item,1136.1,Pending
439,Customer 439,Male,56,Rawalpindi,Pakistan,2024-01-18,customer439@mail.com,402,356,2025-12-19,2,Card,Completed,402,650,32.5,243.62,30.88,7,Product 356,Clothing,Alpha,168,325,468,40.0,204.0,2025-07-12,Late Delivery,185.36,Approved
439,Customer 439,Male,56,Rawalpindi,Pakistan,2024-01-18,customer439@mail.com,402,356,2025-12-19,2,Card,Completed,402,650,32.5,243.62,30.88,7,Product 356,Clothing,Alpha,168,325,468,82.0,402.0,2025-12-19,Changed Mind,611.67,Approved
439,Customer 439,Male,56,Rawalpindi,Pakistan,2024-01-18,customer439@mail.com,833,318,2025-08-14,2,Bank,Completed,833,500,50.0,194.5,22.5,13,Product 318,Clothing,Eco,110,250,261,,,,,,
440,Customer 440,Male,22,Peshawar,Pakistan,2024-11-26,customer440@mail.com,129,291,2025-07-23,1,Cash,Completed,129,165,16.5,84.07,7.43,8,Product 291,Electronics,Eco,49,165,323,28.0,129.0,2025-07-23,Changed Mind,134.68,Approved
440,Customer 440,Male,22,Peshawar,Pakistan,2024-11-26,customer440@mail.com,500,14,2025-09-04,2,Card,Completed,500,886,88.6,111.53,39.87,10,Product 14,Electronics,Nova,318,443,275,79.0,389.0,2025-03-20,Late Delivery,350.55,Pending
441,Customer 441,Female,41,Faisalabad,Pakistan,2024-10-17,customer441@mail.com,453,456,2025-08-13,2,Bank,Completed,453,582,58.2,87.61,26.19,16,Product 456,Sports,Prime,197,291,121,,,,,,
441,Customer 441,Female,41,Faisalabad,Pakistan,2024-10-17,customer441@mail.com,953,258,2025-06-28,2,Wallet,Completed,953,816,81.6,42.68,36.72,5,Product 258,Clothing,Eco,325,408,345,235.0,953.0,2025-06-28,Late Delivery,422.8,Pending
441,Customer 441,Female,41,Faisalabad,Pakistan,2024-10-17,customer441@mail.com,976,195,2025-10-10,1,Wallet,Completed,976,346,0.0,61.7,17.3,15,Product 195,Sports,Alpha,252,346,234,,,,,,
443,Customer 443,Female,41,Multan,Pakistan,2024-08-15,customer443@mail.com,719,419,2025-05-21,4,Wallet,Completed,719,984,49.2,1.06,46.74,3,Product 419,Sports,Nova,221,246,431,171.0,719.0,2025-05-21,Changed Mind,506.02,Approved
443,Customer 443,Female,41,Multan,Pakistan,2024-08-15,customer443@mail.com,941,32,2025-10-27,1,Cash,Completed,941,393,39.3,-25.98,17.68,9,Product 32,Electronics,Max,353,393,485,123.0,538.0,2025-03-08,Changed Mind,1317.98,Pending
444,Customer 444,Male,54,Islamabad,Pakistan,2024-09-28,customer444@mail.com,811,399,2025-05-31,2,Wallet,Completed,811,270,0.0,176.5,13.5,20,Product 399,Books,Max,30,135,440,,,,,,
445,Customer 445,Female,43,Multan,Pakistan,2024-11-28,customer445@mail.com,386,269,2025-02-03,3,Wallet,Completed,386,1293,0.0,61.35,64.65,3,Product 269,Sports,Max,388,431,361,,,,,,
445,Customer 445,Female,43,Multan,Pakistan,2024-11-28,customer445@mail.com,498,337,2025-09-07,5,Bank,Completed,498,1770,177.0,69.35,79.65,14,Product 337,Electronics,Eco,286,354,62,,,,,,
445,Customer 445,Female,43,Multan,Pakistan,2024-11-28,customer445@mail.com,1000,254,2025-04-27,2,Card,Completed,1000,1218,0.0,163.1,60.9,4,Product 254,Clothing,Nova,495,609,461,118.0,507.0,2025-11-27,Wrong Item,1862.95,Pending
445,Customer 445,Female,43,Multan,Pakistan,2024-11-28,customer445@mail.com,1000,254,2025-04-27,2,Card,Completed,1000,1218,0.0,163.1,60.9,4,Product 254,Clothing,Nova,495,609,461,247.0,1000.0,2025-04-27,Wrong Item,1007.65,Pending
446,Customer 446,Female,33,Lahore,Pakistan,2024-01-14,customer446@mail.com,576,143,2025-09-14,5,Wallet,Completed,576,1185,0.0,665.75,59.25,20,Product 143,Clothing,Max,88,237,437,134.0,576.0,2025-09-14,Wrong Item,1030.25,Approved
447,Customer 447,Male,49,Faisalabad,Pakistan,2024-10-14,customer447@mail.com,397,162,2025-05-19,3,Bank,Completed,397,957,0.0,76.15,47.85,20,Product 162,Sports,Nova,271,319,81,109.0,475.0,2025-03-19,Damaged,784.65,Pending
447,Customer 447,Male,49,Faisalabad,Pakistan,2024-10-14,customer447@mail.com,397,162,2025-05-19,3,Bank,Completed,397,957,0.0,76.15,47.85,20,Product 162,Sports,Nova,271,319,81,155.0,653.0,2025-07-19,Late Delivery,275.03,Approved
447,Customer 447,Male,49,Faisalabad,Pakistan,2024-10-14,customer447@mail.com,468,166,2025-12-18,4,Card,Completed,468,2224,222.4,-65.48,100.08,15,Product 166,Sports,Max,488,556,325,,,,,,
447,Customer 447,Male,49,Faisalabad,Pakistan,2024-10-14,customer447@mail.com,539,136,2025-09-13,5,Wallet,Completed,539,2765,138.25,292.41,131.34,18,Product 136,Home,Max,437,553,449,,,,,,
450,Customer 450,Female,30,Lahore,Pakistan,2024-03-10,customer450@mail.com,922,321,2025-08-19,5,Card,Completed,922,2815,140.75,211.54,133.71,14,Product 321,Sports,Alpha,463,563,307,187.0,787.0,2025-07-02,Damaged,499.51,Pending
450,Customer 450,Female,30,Lahore,Pakistan,2024-03-10,customer450@mail.com,938,151,2025-07-21,1,Card,Completed,938,507,25.35,101.57,24.08,3,Product 151,Sports,Alpha,353,507,405,117.0,503.0,2025-07-20,Changed Mind,2224.78,Pending
451,Customer 451,Male,46,Islamabad,Pakistan,2024-12-31,customer451@mail.com,16,430,2025-09-05,2,Wallet,Completed,16,146,0.0,74.7,7.3,16,Product 430,Home,Eco,24,73,83,,,,,,
451,Customer 451,Male,46,Islamabad,Pakistan,2024-12-31,customer451@mail.com,216,499,2025-07-30,4,Bank,Completed,216,1244,62.2,59.71,59.09,11,Product 499,Electronics,Prime,263,311,374,43.0,216.0,2025-07-30,Wrong Item,701.95,Approved
451,Customer 451,Male,46,Islamabad,Pakistan,2024-12-31,customer451@mail.com,449,402,2025-07-05,2,Wallet,Completed,449,272,27.2,4.56,12.24,14,Product 402,Electronics,Nova,107,136,97,,,,,,
451,Customer 451,Male,46,Islamabad,Pakistan,2024-12-31,customer451@mail.com,859,338,2025-06-07,3,Wallet,Completed,859,1368,136.8,-88.36,61.56,10,Product 338,Electronics,Alpha,416,456,41,41.0,206.0,2025-02-25,Damaged,897.18,Pending
451,Customer 451,Male,46,Islamabad,Pakistan,2024-12-31,customer451@mail.com,859,338,2025-06-07,3,Wallet,Completed,859,1368,136.8,-88.36,61.56,10,Product 338,Electronics,Alpha,416,456,41,128.0,551.0,2025-04-03,Changed Mind,1847.18,Approved
451,Customer 451,Male,46,Islamabad,Pakistan,2024-12-31,customer451@mail.com,859,338,2025-06-07,3,Wallet,Completed,859,1368,136.8,-88.36,61.56,10,Product 338,Electronics,Alpha,416,456,41,212.0,859.0,2025-06-07,Damaged,1175.22,Approved
452,Customer 452,Female,23,Multan,Pakistan,2024-12-07,customer452@mail.com,119,460,2025-05-21,5,Wallet,Completed,119,1150,0.0,328.5,57.5,19,Product 460,Electronics,Eco,149,230,42,167.0,700.0,2025-12-07,Wrong Item,175.1,Approved
453,Customer 453,Female,22,Quetta,Pakistan,2024-06-02,customer453@mail.com,657,353,2025-12-08,3,Wallet,Completed,657,348,0.0,275.6,17.4,13,Product 353,Home,Eco,14,116,288,156.0,657.0,2025-12-08,Changed Mind,332.71,Pending
453,Customer 453,Female,22,Quetta,Pakistan,2024-06-02,customer453@mail.com,827,111,2025-03-24,2,Bank,Completed,827,708,35.4,45.97,33.63,7,Product 111,Clothing,Alpha,293,354,143,,,,,,
454,Customer 454,Male,58,Islamabad,Pakistan,2024-07-04,customer454@mail.com,611,251,2025-02-11,2,Wallet,Completed,611,846,84.6,130.33,38.07,5,Product 251,Home,Alpha,294,423,33,140.0,611.0,2025-02-11,Late Delivery,528.46,Pending
455,Customer 455,Male,25,Peshawar,Pakistan,2024-03-12,customer455@mail.com,62,469,2025-01-06,3,Card,Completed,62,1596,0.0,294.2,79.8,4,Product 469,Home,Max,406,532,163,14.0,62.0,2025-01-06,Damaged,1274.13,Pending
455,Customer 455,Male,25,Peshawar,Pakistan,2024-03-12,customer455@mail.com,252,408,2025-02-03,3,Card,Completed,252,768,38.4,273.12,36.48,3,Product 408,Sports,Prime,139,256,125,168.0,705.0,2025-09-24,Late Delivery,474.2,Approved
455,Customer 455,Male,25,Peshawar,Pakistan,2024-03-12,customer455@mail.com,252,408,2025-02-03,3,Card,Completed,252,768,38.4,273.12,36.48,3,Product 408,Sports,Prime,139,256,125,202.0,826.0,2025-09-02,Damaged,711.65,Approved
455,Customer 455,Male,25,Peshawar,Pakistan,2024-03-12,customer455@mail.com,971,392,2025-03-13,1,Card,Completed,971,560,56.0,6.8,25.2,13,Product 392,Clothing,Alpha,459,560,290,,,,,,
456,Customer 456,Male,49,Karachi,Pakistan,2024-07-03,customer456@mail.com,211,418,2025-10-12,1,Bank,Completed,211,149,0.0,44.55,7.45,7,Product 418,Clothing,Nova,90,149,31,,,,,,
456,Customer 456,Male,49,Karachi,Pakistan,2024-07-03,customer456@mail.com,880,18,2025-05-10,5,Wallet,Completed,880,2945,147.25,638.86,139.89,19,Product 18,Home,Max,400,589,257,174.0,725.0,2025-03-05,Damaged,553.14,Approved
457,Customer 457,Female,47,Islamabad,Pakistan,2024-11-09,customer457@mail.com,71,276,2025-05-15,2,Cash,Completed,71,860,86.0,190.3,38.7,5,Product 276,Books,Nova,270,430,392,,,,,,
457,Customer 457,Female,47,Islamabad,Pakistan,2024-11-09,customer457@mail.com,572,427,2025-12-11,4,Cash,Completed,572,832,41.6,499.88,39.52,15,Product 427,Electronics,Prime,59,208,454,,,,,,
457,Customer 457,Female,47,Islamabad,Pakistan,2024-11-09,customer457@mail.com,970,57,2025-08-30,5,Bank,Completed,970,2545,254.5,352.97,114.53,3,Product 57,Sports,Max,364,509,420,239.0,970.0,2025-08-30,Wrong Item,1627.86,Pending
458,Customer 458,Male,22,Quetta,Pakistan,2024-07-22,customer458@mail.com,116,294,2025-04-04,3,Card,Completed,116,1056,52.8,167.04,50.16,9,Product 294,Books,Max,259,352,410,25.0,116.0,2025-04-04,Late Delivery,623.02,Approved
458,Customer 458,Male,22,Quetta,Pakistan,2024-07-22,customer458@mail.com,116,294,2025-04-04,3,Card,Completed,116,1056,52.8,167.04,50.16,9,Product 294,Books,Max,259,352,410,61.0,291.0,2025-08-04,Late Delivery,850.24,Pending
460,Customer 460,Male,26,Multan,Pakistan,2024-11-24,customer460@mail.com,112,301,2025-09-04,1,Cash,Completed,112,155,7.75,49.89,7.36,5,Product 301,Electronics,Max,85,155,355,,,,,,
460,Customer 460,Male,26,Multan,Pakistan,2024-11-24,customer460@mail.com,659,64,2025-05-02,3,Wallet,Completed,659,1299,0.0,320.05,64.95,5,Product 64,Electronics,Max,303,433,238,84.0,405.0,2025-04-16,Late Delivery,1240.07,Pending
460,Customer 460,Male,26,Multan,Pakistan,2024-11-24,customer460@mail.com,659,64,2025-05-02,3,Wallet,Completed,659,1299,0.0,320.05,64.95,5,Product 64,Electronics,Max,303,433,238,157.0,659.0,2025-05-02,Late Delivery,892.75,Approved
461,Customer 461,Male,46,Rawalpindi,Pakistan,2024-12-14,customer461@mail.com,527,271,2025-03-17,5,Wallet,Completed,527,2130,106.5,-36.68,101.18,9,Product 271,Books,Eco,390,426,189,,,,,,
461,Customer 461,Male,46,Rawalpindi,Pakistan,2024-12-14,customer461@mail.com,557,62,2025-04-14,1,Card,Completed,557,322,32.2,-13.69,14.49,10,Product 62,Clothing,Prime,279,322,447,,,,,,
462,Customer 462,Female,26,Islamabad,Pakistan,2024-03-07,customer462@mail.com,444,490,2025-07-06,4,Cash,Completed,444,1428,71.4,-122.23,67.83,7,Product 490,Clothing,Nova,351,357,365,101.0,444.0,2025-07-06,Damaged,1065.59,Pending
462,Customer 462,Female,26,Islamabad,Pakistan,2024-03-07,customer462@mail.com,790,246,2025-09-11,1,Card,Completed,790,593,29.65,126.18,28.17,8,Product 246,Electronics,Eco,401,593,335,,,,,,
463,Customer 463,Female,50,Karachi,Pakistan,2024-03-04,customer463@mail.com,181,162,2025-06-16,5,Bank,Completed,181,1595,79.75,68.49,75.76,16,Product 162,Sports,Nova,271,319,81,109.0,475.0,2025-03-19,Damaged,784.65,Pending
463,Customer 463,Female,50,Karachi,Pakistan,2024-03-04,customer463@mail.com,181,162,2025-06-16,5,Bank,Completed,181,1595,79.75,68.49,75.76,16,Product 162,Sports,Nova,271,319,81,155.0,653.0,2025-07-19,Late Delivery,275.03,Approved
463,Customer 463,Female,50,Karachi,Pakistan,2024-03-04,customer463@mail.com,502,79,2025-09-06,4,Wallet,Completed,502,636,0.0,251.2,31.8,17,Product 79,Clothing,Alpha,84,159,26,42.0,213.0,2025-06-09,Wrong Item,499.21,Approved
464,Customer 464,Male,37,Islamabad,Pakistan,2024-03-23,customer464@mail.com,257,257,2025-04-08,2,Bank,Completed,257,1032,51.6,222.38,49.02,19,Product 257,Clothing,Alpha,345,516,212,,,,,,
465,Customer 465,Female,32,Multan,Pakistan,2024-09-22,customer465@mail.com,229,365,2025-03-05,2,Cash,Completed,229,424,0.0,59.8,21.2,17,Product 365,Sports,Alpha,163,212,56,,,,,,
465,Customer 465,Female,32,Multan,Pakistan,2024-09-22,customer465@mail.com,467,128,2025-10-26,3,Wallet,Completed,467,1512,0.0,8.4,75.6,3,Product 128,Books,Nova,475,504,133,,,,,,
465,Customer 465,Female,32,Multan,Pakistan,2024-09-22,customer465@mail.com,490,411,2025-06-03,4,Card,Completed,490,1296,0.0,495.2,64.8,12,Product 411,Sports,Max,181,324,126,3.0,10.0,2025-08-07,Wrong Item,553.26,Pending
465,Customer 465,Female,32,Multan,Pakistan,2024-09-22,customer465@mail.com,991,135,2025-04-21,5,Cash,Completed,991,1690,84.5,-145.78,80.28,16,Product 135,Clothing,Alpha,331,338,265,,,,,,
466,Customer 466,Female,23,Quetta,Pakistan,2024-04-10,customer466@mail.com,295,303,2025-12-04,2,Wallet,Completed,295,70,3.5,1.17,3.33,8,Product 303,Clothing,Alpha,27,35,251,21.0,89.0,2025-04-28,Changed Mind,19.99,Approved
466,Customer 466,Female,23,Quetta,Pakistan,2024-04-10,customer466@mail.com,295,303,2025-12-04,2,Wallet,Completed,295,70,3.5,1.17,3.33,8,Product 303,Clothing,Alpha,27,35,251,37.0,174.0,2025-01-26,Changed Mind,100.85,Approved
467,Customer 467,Female,26,Quetta,Pakistan,2024-11-10,customer467@mail.com,43,325,2025-10-29,3,Card,Completed,43,1575,157.5,17.62,70.88,9,Product 325,Sports,Prime,440,525,172,,,,,,
467,Customer 467,Female,26,Quetta,Pakistan,2024-11-10,customer467@mail.com,57,133,2025-07-18,4,Wallet,Completed,57,2460,246.0,312.3,110.7,15,Product 133,Electronics,Alpha,444,615,217,163.0,685.0,2025-08-14,Damaged,1201.88,Pending
467,Customer 467,Female,26,Quetta,Pakistan,2024-11-10,customer467@mail.com,395,490,2025-01-25,3,Bank,Completed,395,1071,53.55,-105.42,50.87,19,Product 490,Clothing,Nova,351,357,365,101.0,444.0,2025-07-06,Damaged,1065.59,Pending
467,Customer 467,Female,26,Quetta,Pakistan,2024-11-10,customer467@mail.com,605,52,2025-12-13,1,Card,Completed,605,381,19.05,-8.15,18.1,6,Product 52,Sports,Prime,346,381,91,,,,,,
467,Customer 467,Female,26,Quetta,Pakistan,2024-11-10,customer467@mail.com,635,292,2025-08-24,4,Wallet,Completed,635,1340,134.0,-122.3,60.3,4,Product 292,Home,Nova,316,335,71,,,,,,
468,Customer 468,Male,50,Islamabad,Pakistan,2024-10-30,customer468@mail.com,206,338,2025-02-25,3,Cash,Completed,206,1368,68.4,-28.38,64.98,15,Product 338,Electronics,Alpha,416,456,41,41.0,206.0,2025-02-25,Damaged,897.18,Pending
468,Customer 468,Male,50,Islamabad,Pakistan,2024-10-30,customer468@mail.com,206,338,2025-02-25,3,Cash,Completed,206,1368,68.4,-28.38,64.98,15,Product 338,Electronics,Alpha,416,456,41,128.0,551.0,2025-04-03,Changed Mind,1847.18,Approved
468,Customer 468,Male,50,Islamabad,Pakistan,2024-10-30,customer468@mail.com,206,338,2025-02-25,3,Cash,Completed,206,1368,68.4,-28.38,64.98,15,Product 338,Electronics,Alpha,416,456,41,212.0,859.0,2025-06-07,Damaged,1175.22,Approved
468,Customer 468,Male,50,Islamabad,Pakistan,2024-10-30,customer468@mail.com,812,216,2025-04-18,2,Card,Completed,812,458,0.0,228.1,22.9,7,Product 216,Books,Nova,100,229,294,195.0,812.0,2025-04-18,Wrong Item,388.33,Pending
469,Customer 469,Male,28,Multan,Pakistan,2024-10-15,customer469@mail.com,387,140,2025-03-31,4,Wallet,Completed,387,1416,141.6,-160.32,63.72,7,Product 140,Clothing,Prime,341,354,18,78.0,387.0,2025-03-31,Late Delivery,1167.53,Pending
470,Customer 470,Male,19,Lahore,Pakistan,2024-01-24,customer470@mail.com,639,35,2025-09-10,2,Wallet,Completed,639,710,71.0,-68.95,31.95,6,Product 35,Electronics,Max,335,355,128,238.0,966.0,2025-08-07,Damaged,1077.25,Approved
471,Customer 471,Female,59,Peshawar,Pakistan,2024-10-19,customer471@mail.com,496,447,2025-04-19,2,Card,Completed,496,804,0.0,258.8,40.2,11,Product 447,Books,Prime,247,402,186,,,,,,
471,Customer 471,Female,59,Peshawar,Pakistan,2024-10-19,customer471@mail.com,818,293,2025-06-06,5,Card,Completed,818,985,49.25,825.96,46.79,8,Product 293,Clothing,Alpha,11,197,93,38.0,186.0,2025-02-18,Wrong Item,236.74,Approved
471,Customer 471,Female,59,Peshawar,Pakistan,2024-10-19,customer471@mail.com,931,42,2025-04-23,3,Cash,Completed,931,408,20.4,45.22,19.38,14,Product 42,Home,Nova,103,136,384,231.0,931.0,2025-04-23,Changed Mind,325.29,Pending
472,Customer 472,Female,57,Karachi,Pakistan,2024-09-11,customer472@mail.com,399,467,2025-02-22,2,Card,Completed,399,354,0.0,271.3,17.7,19,Product 467,Books,Nova,23,177,185,80.0,399.0,2025-02-22,Damaged,210.35,Pending
472,Customer 472,Female,57,Karachi,Pakistan,2024-09-11,customer472@mail.com,399,467,2025-02-22,2,Card,Completed,399,354,0.0,271.3,17.7,19,Product 467,Books,Nova,23,177,185,242.0,986.0,2025-09-24,Wrong Item,230.77,Approved
472,Customer 472,Female,57,Karachi,Pakistan,2024-09-11,customer472@mail.com,408,259,2025-07-07,4,Card,Completed,408,944,47.2,641.96,44.84,6,Product 259,Electronics,Alpha,51,236,119,86.0,408.0,2025-07-07,Changed Mind,607.5,Pending
472,Customer 472,Female,57,Karachi,Pakistan,2024-09-11,customer472@mail.com,408,259,2025-07-07,4,Card,Completed,408,944,47.2,641.96,44.84,6,Product 259,Electronics,Alpha,51,236,119,91.0,421.0,2025-10-05,Changed Mind,562.0,Approved
472,Customer 472,Female,57,Karachi,Pakistan,2024-09-11,customer472@mail.com,486,159,2025-03-09,5,Bank,Completed,486,1580,158.0,-95.1,71.1,6,Product 159,Books,Max,288,316,411,,,,,,
473,Customer 473,Female,59,Quetta,Pakistan,2024-09-04,customer473@mail.com,712,100,2025-07-21,5,Cash,Completed,712,2540,0.0,655.0,127.0,13,Product 100,Books,Alpha,349,508,457,,,,,,
474,Customer 474,Male,43,Quetta,Pakistan,2024-08-20,customer474@mail.com,198,295,2025-02-27,1,Wallet,Completed,198,615,30.75,115.04,29.21,14,Product 295,Home,Nova,426,615,200,,,,,,
474,Customer 474,Male,43,Quetta,Pakistan,2024-08-20,customer474@mail.com,994,122,2025-01-08,2,Bank,Completed,994,178,17.8,-22.81,8.01,11,Product 122,Clothing,Max,82,89,243,245.0,994.0,2025-01-08,Late Delivery,100.12,Pending
475,Customer 475,Male,21,Islamabad,Pakistan,2024-08-13,customer475@mail.com,186,293,2025-02-18,2,Cash,Completed,186,394,19.7,319.59,18.71,14,Product 293,Clothing,Alpha,11,197,93,38.0,186.0,2025-02-18,Wrong Item,236.74,Approved
475,Customer 475,Male,21,Islamabad,Pakistan,2024-08-13,customer475@mail.com,474,221,2025-05-15,3,Bank,Completed,474,1101,110.1,154.35,49.55,13,Product 221,Sports,Eco,258,367,373,162.0,683.0,2025-04-01,Damaged,433.79,Pending
475,Customer 475,Male,21,Islamabad,Pakistan,2024-08-13,customer475@mail.com,945,63,2025-07-27,3,Wallet,Completed,945,1167,0.0,285.65,58.35,10,Product 63,Electronics,Nova,271,389,377,,,,,,
476,Customer 476,Female,48,Rawalpindi,Pakistan,2024-04-14,customer476@mail.com,699,476,2025-07-16,3,Bank,Completed,699,570,0.0,335.5,28.5,11,Product 476,Electronics,Max,65,190,307,64.0,312.0,2025-11-09,Changed Mind,292.72,Approved
477,Customer 477,Female,56,Islamabad,Pakistan,2024-06-09,customer477@mail.com,28,437,2025-04-21,4,Wallet,Completed,28,1956,0.0,333.2,97.8,13,Product 437,Books,Alpha,378,489,106,4.0,20.0,2025-03-26,Damaged,1830.46,Approved
477,Customer 477,Female,56,Islamabad,Pakistan,2024-06-09,customer477@mail.com,28,437,2025-04-21,4,Wallet,Completed,28,1956,0.0,333.2,97.8,13,Product 437,Books,Alpha,378,489,106,8.0,28.0,2025-04-21,Damaged,1383.35,Pending
477,Customer 477,Female,56,Islamabad,Pakistan,2024-06-09,customer477@mail.com,28,437,2025-04-21,4,Wallet,Completed,28,1956,0.0,333.2,97.8,13,Product 437,Books,Alpha,378,489,106,45.0,219.0,2025-09-09,Damaged,1009.52,Pending
477,Customer 477,Female,56,Islamabad,Pakistan,2024-06-09,customer477@mail.com,472,174,2025-03-09,4,Cash,Completed,472,868,43.4,248.37,41.23,19,Product 174,Sports,Prime,129,217,428,,,,,,
478,Customer 478,Female,40,Faisalabad,Pakistan,2024-03-07,customer478@mail.com,746,375,2025-09-03,2,Wallet,Completed,746,1030,103.0,126.65,46.35,20,Product 375,Books,Prime,367,515,124,,,,,,
479,Customer 479,Female,50,Lahore,Pakistan,2024-06-12,customer479@mail.com,553,12,2025-08-12,3,Card,Completed,553,945,47.25,159.86,44.89,3,Product 12,Sports,Nova,230,315,221,,,,,,
479,Customer 479,Female,50,Lahore,Pakistan,2024-06-12,customer479@mail.com,652,278,2025-08-08,4,Cash,Completed,652,940,0.0,76.0,47.0,9,Product 278,Clothing,Eco,202,235,336,154.0,652.0,2025-08-08,Damaged,621.98,Pending
479,Customer 479,Female,50,Lahore,Pakistan,2024-06-12,customer479@mail.com,705,408,2025-09-24,2,Card,Completed,705,512,0.0,193.4,25.6,15,Product 408,Sports,Prime,139,256,125,168.0,705.0,2025-09-24,Late Delivery,474.2,Approved
479,Customer 479,Female,50,Lahore,Pakistan,2024-06-12,customer479@mail.com,705,408,2025-09-24,2,Card,Completed,705,512,0.0,193.4,25.6,15,Product 408,Sports,Prime,139,256,125,202.0,826.0,2025-09-02,Damaged,711.65,Approved
479,Customer 479,Female,50,Lahore,Pakistan,2024-06-12,customer479@mail.com,709,415,2025-12-25,2,Cash,Completed,709,1308,0.0,290.6,65.4,18,Product 415,Electronics,Max,467,654,302,62.0,293.0,2025-01-14,Late Delivery,1672.64,Pending
479,Customer 479,Female,50,Lahore,Pakistan,2024-06-12,customer479@mail.com,868,74,2025-11-23,1,Cash,Completed,868,539,0.0,50.05,26.95,17,Product 74,Electronics,Nova,445,539,285,,,,,,
481,Customer 481,Female,33,Islamabad,Pakistan,2024-02-19,customer481@mail.com,137,186,2025-09-24,5,Wallet,Completed,137,2200,110.0,252.5,104.5,8,Product 186,Clothing,Max,345,440,32,29.0,137.0,2025-09-24,Wrong Item,1069.14,Pending
481,Customer 481,Female,33,Islamabad,Pakistan,2024-02-19,customer481@mail.com,137,186,2025-09-24,5,Wallet,Completed,137,2200,110.0,252.5,104.5,8,Product 186,Clothing,Max,345,440,32,81.0,401.0,2025-08-15,Wrong Item,798.41,Approved
481,Customer 481,Female,33,Islamabad,Pakistan,2024-02-19,customer481@mail.com,137,186,2025-09-24,5,Wallet,Completed,137,2200,110.0,252.5,104.5,8,Product 186,Clothing,Max,345,440,32,138.0,602.0,2025-02-07,Wrong Item,283.93,Pending
481,Customer 481,Female,33,Islamabad,Pakistan,2024-02-19,customer481@mail.com,892,317,2025-01-15,1,Card,Completed,892,566,0.0,141.7,28.3,3,Product 317,Sports,Prime,393,566,63,222.0,892.0,2025-01-15,Changed Mind,564.17,Approved
481,Customer 481,Female,33,Islamabad,Pakistan,2024-02-19,customer481@mail.com,993,274,2025-08-06,4,Bank,Completed,993,1880,0.0,523.0,94.0,15,Product 274,Books,Prime,312,470,408,,,,,,
482,Customer 482,Male,36,Faisalabad,Pakistan,2024-11-11,customer482@mail.com,138,381,2025-04-18,1,Card,Completed,138,616,30.8,65.94,29.26,6,Product 381,Clothing,Prime,484,616,391,30.0,138.0,2025-04-18,Changed Mind,566.71,Approved
482,Customer 482,Male,36,Faisalabad,Pakistan,2024-11-11,customer482@mail.com,138,381,2025-04-18,1,Card,Completed,138,616,30.8,65.94,29.26,6,Product 381,Clothing,Prime,484,616,391,184.0,773.0,2025-09-28,Damaged,2131.44,Approved
482,Customer 482,Male,36,Faisalabad,Pakistan,2024-11-11,customer482@mail.com,138,381,2025-04-18,1,Card,Completed,138,616,30.8,65.94,29.26,6,Product 381,Clothing,Prime,484,616,391,185.0,774.0,2025-03-03,Damaged,2003.84,Approved
483,Customer 483,Female,33,Islamabad,Pakistan,2024-06-16,customer483@mail.com,625,378,2025-09-13,1,Bank,Completed,625,383,19.15,-42.34,18.19,10,Product 378,Books,Eco,378,383,445,,,,,,
483,Customer 483,Female,33,Islamabad,Pakistan,2024-06-16,customer483@mail.com,775,280,2025-06-25,5,Bank,Completed,775,2845,284.5,-0.53,128.03,18,Product 280,Clothing,Eco,483,569,450,,,,,,
485,Customer 485,Female,49,Quetta,Pakistan,2024-09-11,customer485@mail.com,361,355,2025-04-07,1,Wallet,Completed,361,273,0.0,85.35,13.65,5,Product 355,Home,Nova,169,273,23,75.0,351.0,2025-04-22,Damaged,1036.86,Pending
485,Customer 485,Female,49,Quetta,Pakistan,2024-09-11,customer485@mail.com,786,362,2025-05-16,5,Card,Completed,786,1410,70.5,630.52,66.98,12,Product 362,Home,Prime,126,282,477,,,,,,
485,Customer 485,Female,49,Quetta,Pakistan,2024-09-11,customer485@mail.com,788,335,2025-11-17,3,Card,Completed,788,1296,64.8,106.64,61.56,10,Product 335,Home,Nova,351,432,25,66.0,326.0,2025-08-30,Late Delivery,352.65,Approved
485,Customer 485,Female,49,Quetta,Pakistan,2024-09-11,customer485@mail.com,885,453,2025-10-21,1,Wallet,Completed,885,242,24.2,118.91,10.89,16,Product 453,Clothing,Max,72,242,420,,,,,,
486,Customer 486,Male,23,Faisalabad,Pakistan,2024-09-15,customer486@mail.com,268,115,2025-11-12,2,Bank,Completed,268,1336,66.8,214.74,63.46,15,Product 115,Home,Prime,488,668,400,55.0,268.0,2025-11-12,Late Delivery,1216.7,Pending
486,Customer 486,Male,23,Faisalabad,Pakistan,2024-09-15,customer486@mail.com,300,386,2025-04-30,5,Wallet,Completed,300,2105,210.5,639.77,94.73,15,Product 386,Sports,Nova,229,421,462,12.0,50.0,2025-09-29,Wrong Item,1275.01,Approved
486,Customer 486,Male,23,Faisalabad,Pakistan,2024-09-15,customer486@mail.com,374,235,2025-03-21,3,Cash,Completed,374,555,55.5,349.52,24.98,20,Product 235,Home,Max,35,185,153,149.0,634.0,2025-04-14,Wrong Item,388.29,Pending
487,Customer 487,Female,33,Peshawar,Pakistan,2024-10-25,customer487@mail.com,50,386,2025-09-29,5,Wallet,Completed,50,2105,210.5,651.77,94.73,3,Product 386,Sports,Nova,229,421,462,12.0,50.0,2025-09-29,Wrong Item,1275.01,Approved
487,Customer 487,Female,33,Peshawar,Pakistan,2024-10-25,customer487@mail.com,220,212,2025-12-10,2,Card,Completed,220,450,0.0,326.5,22.5,5,Product 212,Clothing,Prime,48,225,70,46.0,220.0,2025-12-10,Changed Mind,439.81,Pending
487,Customer 487,Female,33,Peshawar,Pakistan,2024-10-25,customer487@mail.com,220,212,2025-12-10,2,Card,Completed,220,450,0.0,326.5,22.5,5,Product 212,Clothing,Prime,48,225,70,50.0,246.0,2025-06-20,Late Delivery,121.62,Pending
487,Customer 487,Female,33,Peshawar,Pakistan,2024-10-25,customer487@mail.com,307,307,2025-12-29,1,Cash,Completed,307,451,0.0,-5.55,22.55,7,Product 307,Books,Prime,427,451,71,,,,,,
488,Customer 488,Female,21,Karachi,Pakistan,2024-05-24,customer488@mail.com,601,418,2025-07-12,3,Card,Completed,601,447,22.35,125.42,21.23,8,Product 418,Clothing,Nova,90,149,31,,,,,,
488,Customer 488,Female,21,Karachi,Pakistan,2024-05-24,customer488@mail.com,700,460,2025-12-07,1,Card,Completed,700,230,23.0,29.65,10.35,18,Product 460,Electronics,Eco,149,230,42,167.0,700.0,2025-12-07,Wrong Item,175.1,Approved
490,Customer 490,Male,24,Faisalabad,Pakistan,2024-03-09,customer490@mail.com,134,75,2025-11-24,2,Bank,Completed,134,692,34.6,197.53,32.87,15,Product 75,Clothing,Nova,206,346,437,49.0,237.0,2025-12-08,Wrong Item,232.88,Approved
490,Customer 490,Male,24,Faisalabad,Pakistan,2024-03-09,customer490@mail.com,369,86,2025-03-24,5,Bank,Completed,369,1085,0.0,257.75,54.25,8,Product 86,Books,Prime,153,217,305,,,,,,
490,Customer 490,Male,24,Faisalabad,Pakistan,2024-03-09,customer490@mail.com,632,463,2025-03-08,2,Card,Completed,632,938,46.9,292.54,44.56,16,Product 463,Clothing,Alpha,269,469,422,,,,,,
491,Customer 491,Female,41,Faisalabad,Pakistan,2024-07-06,customer491@mail.com,51,21,2025-07-15,3,Cash,Completed,51,1485,74.25,234.21,70.54,11,Product 21,Home,Eco,365,495,188,,,,,,
491,Customer 491,Female,41,Faisalabad,Pakistan,2024-07-06,customer491@mail.com,68,220,2025-01-03,2,Bank,Completed,68,1050,0.0,143.5,52.5,10,Product 220,Books,Max,422,525,344,88.0,412.0,2025-02-05,Changed Mind,944.4,Approved
491,Customer 491,Female,41,Faisalabad,Pakistan,2024-07-06,customer491@mail.com,68,220,2025-01-03,2,Bank,Completed,68,1050,0.0,143.5,52.5,10,Product 220,Books,Max,422,525,344,145.0,624.0,2025-04-18,Wrong Item,1136.1,Pending
491,Customer 491,Female,41,Faisalabad,Pakistan,2024-07-06,customer491@mail.com,567,411,2025-12-16,3,Bank,Completed,567,972,97.2,277.06,43.74,11,Product 411,Sports,Max,181,324,126,3.0,10.0,2025-08-07,Wrong Item,553.26,Pending
492,Customer 492,Male,43,Karachi,Pakistan,2024-10-18,customer492@mail.com,753,330,2025-01-19,5,Wallet,Completed,753,1155,115.5,414.52,51.98,18,Product 330,Home,Eco,111,231,145,65.0,313.0,2025-08-15,Late Delivery,181.49,Pending
492,Customer 492,Male,43,Karachi,Pakistan,2024-10-18,customer492@mail.com,753,330,2025-01-19,5,Wallet,Completed,753,1155,115.5,414.52,51.98,18,Product 330,Home,Eco,111,231,145,177.0,753.0,2025-01-19,Changed Mind,522.81,Pending
493,Customer 493,Male,41,Quetta,Pakistan,2024-02-07,customer493@mail.com,302,272,2025-02-19,1,Bank,Completed,302,612,30.6,43.33,29.07,11,Product 272,Home,Nova,498,612,136,,,,,,
493,Customer 493,Male,41,Quetta,Pakistan,2024-02-07,customer493@mail.com,563,425,2025-05-29,5,Card,Completed,563,1260,0.0,98.0,63.0,4,Product 425,Sports,Nova,219,252,85,,,,,,
494,Customer 494,Female,50,Rawalpindi,Pakistan,2024-10-08,customer494@mail.com,132,311,2025-10-23,2,Card,Completed,132,390,19.5,239.97,18.53,14,Product 311,Sports,Alpha,49,195,198,165.0,696.0,2025-12-31,Damaged,262.89,Pending
494,Customer 494,Female,50,Rawalpindi,Pakistan,2024-10-08,customer494@mail.com,499,354,2025-06-04,4,Cash,Completed,499,2136,0.0,402.2,106.8,7,Product 354,Home,Max,405,534,267,47.0,226.0,2025-03-14,Wrong Item,1803.04,Approved
494,Customer 494,Female,50,Rawalpindi,Pakistan,2024-10-08,customer494@mail.com,499,354,2025-06-04,4,Cash,Completed,499,2136,0.0,402.2,106.8,7,Product 354,Home,Max,405,534,267,96.0,431.0,2025-06-22,Changed Mind,624.55,Approved
494,Customer 494,Female,50,Rawalpindi,Pakistan,2024-10-08,customer494@mail.com,499,354,2025-06-04,4,Cash,Completed,499,2136,0.0,402.2,106.8,7,Product 354,Home,Max,405,534,267,115.0,499.0,2025-06-04,Damaged,1187.52,Approved
494,Customer 494,Female,50,Rawalpindi,Pakistan,2024-10-08,customer494@mail.com,843,386,2025-03-26,3,Card,Completed,843,1263,63.15,436.86,59.99,16,Product 386,Sports,Nova,229,421,462,12.0,50.0,2025-09-29,Wrong Item,1275.01,Approved
495,Customer 495,Female,57,Lahore,Pakistan,2024-03-06,customer495@mail.com,111,194,2025-09-05,5,Card,Completed,111,1280,64.0,318.2,60.8,17,Product 194,Sports,Nova,164,256,276,,,,,,
495,Customer 495,Female,57,Lahore,Pakistan,2024-03-06,customer495@mail.com,323,428,2025-01-09,4,Cash,Completed,323,1488,74.4,222.92,70.68,4,Product 428,Sports,Prime,279,372,206,,,,,,
495,Customer 495,Female,57,Lahore,Pakistan,2024-03-06,customer495@mail.com,998,184,2025-11-23,4,Card,Completed,998,2024,101.2,186.66,96.14,4,Product 184,Books,Max,409,506,336,119.0,513.0,2025-07-02,Changed Mind,807.32,Approved
497,Customer 497,Female,27,Peshawar,Pakistan,2024-11-04,customer497@mail.com,33,151,2025-03-10,4,Card,Completed,33,2028,101.4,399.27,96.33,19,Product 151,Sports,Alpha,353,507,405,117.0,503.0,2025-07-20,Changed Mind,2224.78,Pending
497,Customer 497,Female,27,Peshawar,Pakistan,2024-11-04,customer497@mail.com,672,381,2025-07-16,3,Wallet,Completed,672,1848,92.4,210.82,87.78,5,Product 381,Clothing,Prime,484,616,391,30.0,138.0,2025-04-18,Changed Mind,566.71,Approved
497,Customer 497,Female,27,Peshawar,Pakistan,2024-11-04,customer497@mail.com,672,381,2025-07-16,3,Wallet,Completed,672,1848,92.4,210.82,87.78,5,Product 381,Clothing,Prime,484,616,391,184.0,773.0,2025-09-28,Damaged,2131.44,Approved
497,Customer 497,Female,27,Peshawar,Pakistan,2024-11-04,customer497@mail.com,672,381,2025-07-16,3,Wallet,Completed,672,1848,92.4,210.82,87.78,5,Product 381,Clothing,Prime,484,616,391,185.0,774.0,2025-03-03,Damaged,2003.84,Approved
497,Customer 497,Female,27,Peshawar,Pakistan,2024-11-04,customer497@mail.com,694,414,2025-12-14,3,Wallet,Completed,694,753,0.0,322.35,37.65,18,Product 414,Home,Alpha,125,251,212,,,,,,
497,Customer 497,Female,27,Peshawar,Pakistan,2024-11-04,customer497@mail.com,717,77,2025-05-06,4,Cash,Completed,717,2152,0.0,638.4,107.6,10,Product 77,Books,Eco,349,538,282,57.0,277.0,2025-09-30,Late Delivery,1718.85,Pending
497,Customer 497,Female,27,Peshawar,Pakistan,2024-11-04,customer497@mail.com,925,5,2025-12-17,4,Card,Completed,925,1404,70.2,564.11,66.69,7,Product 5,Electronics,Eco,174,351,308,164.0,687.0,2025-05-17,Damaged,240.45,Pending
498,Customer 498,Female,50,Karachi,Pakistan,2024-01-24,customer498@mail.com,151,53,2025-05-18,3,Card,Completed,151,1176,117.6,352.48,52.92,17,Product 53,Books,Prime,212,392,363,193.0,800.0,2025-07-02,Damaged,1017.82,Approved
499,Customer 499,Male,26,Multan,Pakistan,2024-08-30,customer499@mail.com,807,212,2025-11-22,5,Bank,Completed,807,1125,0.0,818.75,56.25,10,Product 212,Clothing,Prime,48,225,70,46.0,220.0,2025-12-10,Changed Mind,439.81,Pending
499,Customer 499,Male,26,Multan,Pakistan,2024-08-30,customer499@mail.com,807,212,2025-11-22,5,Bank,Completed,807,1125,0.0,818.75,56.25,10,Product 212,Clothing,Prime,48,225,70,50.0,246.0,2025-06-20,Late Delivery,121.62,Pending
499,Customer 499,Male,26,Multan,Pakistan,2024-08-30,customer499@mail.com,825,67,2025-06-19,1,Wallet,Completed,825,418,41.8,97.39,18.81,19,Product 67,Home,Alpha,241,418,212,53.0,265.0,2025-08-30,Wrong Item,298.13,Pending
499,Customer 499,Male,26,Multan,Pakistan,2024-08-30,customer499@mail.com,825,67,2025-06-19,1,Wallet,Completed,825,418,41.8,97.39,18.81,19,Product 67,Home,Alpha,241,418,212,201.0,825.0,2025-06-19,Wrong Item,339.99,Approved
499,Customer 499,Male,26,Multan,Pakistan,2024-08-30,customer499@mail.com,852,392,2025-02-28,3,Card,Completed,852,1680,84.0,123.2,79.8,16,Product 392,Clothing,Alpha,459,560,290,,,,,,
500,Customer 500,Female,27,Islamabad,Pakistan,2024-06-16,customer500@mail.com,156,227,2025-01-18,2,Card,Completed,156,1090,54.5,175.72,51.78,6,Product 227,Home,Max,401,545,431,237.0,960.0,2025-11-07,Wrong Item,1184.97,Approved
500,Customer 500,Female,27,Islamabad,Pakistan,2024-06-16,customer500@mail.com,897,144,2025-09-05,3,Card,Completed,897,1629,0.0,219.55,81.45,11,Product 144,Books,Prime,439,543,206,73.0,345.0,2025-02-26,Late Delivery,693.08,Approved
